Date,score
2019-01-01,-0.00048087707499152216
2019-01-02,-0.017033510697996374
2019-01-03,0.005115767276458831
2019-01-04,-0.00996932417408943
2019-01-05,-0.010384395997076004
2019-01-06,-0.019929370942286712
2019-01-07,-0.007018544046722715
2019-01-08,0.00284228729191068
2019-01-09,-0.005666997637528389
2019-01-10,0.007227037715565469
2019-01-11,0.0055662853627871005
2019-01-12,-0.009329470126586728
2019-01-13,-0.020142719608842768
2019-01-14,-0.007630106868287985
2019-01-15,0.0004166988118442516
2019-01-16,-0.01164711609632755
2019-01-17,-0.00568426633553402
2019-01-18,-0.003817055578878903
2019-01-19,-0.027939301426234648
2019-01-20,-0.013516227315601129
2019-01-21,-0.018487006097140046
2019-01-22,-0.006443355765402632
2019-01-23,-0.0018366181693105037
2019-01-24,-0.006184637933899968
2019-01-25,-0.01858684998729983
2019-01-26,0.006896381563161931
2019-01-27,-0.021856913867432087
2019-01-28,0.0059519713425575755
2019-01-29,-0.020450290230170493
2019-01-30,-0.0028309520761872578
2019-01-31,-0.016581139816935802
2019-02-01,-0.012995840255256982
2019-02-02,-0.013018007221466213
2019-02-03,-0.014029618620638784
2019-02-04,-0.011493672817711334
2019-02-05,-0.01287764501121865
2019-02-06,-0.01152506658981082
2019-02-07,-0.009120028993437113
2019-02-08,-0.014676764455063237
2019-02-09,-0.0042109385672432316
2019-02-10,-0.009300793016555545
2019-02-11,0.0031700997712757286
2019-02-12,-0.015685045591591413
2019-02-13,0.003861884514891556
2019-02-14,-0.012704267116154985
2019-02-15,-0.017330217738910043
2019-02-16,-0.01579354125845552
2019-02-17,-0.02122545445994739
2019-02-18,-0.01331710984733118
2019-02-19,-0.004060056878627612
2019-02-20,-0.01080450229644007
2019-02-21,-0.009099533722308392
2019-02-22,-0.005984224378958181
2019-02-23,-0.0028203187733062776
2019-02-24,-0.006875628101687477
2019-02-25,-0.004459072560421107
2019-02-26,-0.02633253468798258
2019-02-27,-0.0025881588807007416
2019-02-28,-0.002790980253275399
2019-03-01,-0.013527876784848902
2019-03-02,-0.014911754167191557
2019-03-03,-0.011127712624280509
2019-03-04,-0.008295537007403153
2019-03-05,0.013501776968300313
2019-03-06,-0.0162952215298993
2019-03-07,-0.009493089396593287
2019-03-08,-0.005442523752520079
2019-03-09,-0.0032601371921305855
2019-03-10,-0.02047236811151894
2019-03-11,0.0189602136674127
2019-03-12,-0.005105900303079706
2019-03-13,-0.002636885745706752
2019-03-14,-0.007450914108217003
2019-03-15,-0.020101883315965147
2019-03-16,-0.011697182687882815
2019-03-17,-0.0036743270704123012
2019-03-18,-0.007564620541808509
2019-03-19,-0.006674516058697695
2019-03-20,-0.0001350874110915464
2019-03-21,-0.0028915550523777775
2019-03-22,-0.009495768259852877
2019-03-23,-0.0005464576148987247
2019-03-24,0.001418827129051096
2019-03-25,-0.024062489632779165
2019-03-26,-0.010481437395195914
2019-03-27,-0.005283724311726708
2019-03-28,-0.006277946320259538
2019-03-29,-0.00011710887858988143
2019-03-30,-0.010498151029211552
2019-03-31,-0.016942449760963225
2019-04-01,-0.013646986626764593
2019-04-02,-0.002912821886926357
2019-04-03,-0.0150400611673851
2019-04-04,-0.001505010546190455
2019-04-05,-0.005294380682836793
2019-04-06,-0.001529546988424002
2019-04-07,-0.005193422520828365
2019-04-08,-0.038129309867563875
2019-04-09,-0.0026017285971317397
2019-04-10,-0.02229608344932447
2019-04-11,0.015504539527159836
2019-04-12,-0.0035561911572336014
2019-04-13,-0.02703239820775749
2019-04-14,-0.01822617807173299
2019-04-15,-0.010045127346708779
2019-04-16,-0.014001627165253883
2019-04-17,-0.015573821567659444
2019-04-18,-0.019174612029627853
2019-04-19,-0.008248728873568497
2019-04-20,-0.02683746590376827
2019-04-21,-0.01358507181395141
2019-04-22,-0.006215208962810581
2019-04-23,-0.012643492497586228
2019-04-24,-0.015309344457613302
2019-04-25,-0.01923557603076853
2019-04-26,-0.012343727386874911
2019-04-27,-0.008382308882690648
2019-04-28,-0.006664625321836056
2019-04-29,0.024717247098167545
2019-04-30,-0.020629020282994515
2019-05-01,-0.008189441492558033
2019-05-02,-0.0022015939583406676
2019-05-03,-0.014305277749031934
2019-05-04,-0.022164564756751992
2019-05-05,3.493881805512652e-05
2019-05-06,-0.006384706556295787
2019-05-07,-0.017614856616431585
2019-05-08,-0.007244479800002386
2019-05-09,-0.001630116042804756
2019-05-10,-0.012855739435151836
2019-05-11,-0.015062582198102784
2019-05-12,-0.00958399656243325
2019-05-13,0.007005379272571684
2019-05-14,-0.022968624999270548
2019-05-15,-0.006002093744864416
2019-05-16,-0.005724962959726465
2019-05-17,-0.005462292140309392
2019-05-18,-0.014718460756746802
2019-05-19,-0.024422342483489106
2019-05-20,-0.017537814294475356
2019-05-21,-0.025753608838029202
2019-05-22,-0.0022909255593449216
2019-05-23,-0.01096839042524933
2019-05-24,-0.020747187699354835
2019-05-25,0.0018837491822609371
2019-05-26,-0.021004513880043835
2019-05-27,-0.007988722248108352
2019-05-28,-0.009724350025996772
2019-05-29,-0.012785119121681085
2019-05-30,-0.005679928968128671
2019-05-31,-0.00012048645851988245
2019-06-01,-0.0026321453620822646
2019-06-02,-0.00914960978288056
2019-06-03,-0.014153460840833243
2019-06-04,-0.0017351736388809824
2019-06-05,0.004287864849252958
2019-06-06,-0.01340913885642662
2019-06-07,-0.01687054144100501
2019-06-08,-0.020822262688302968
2019-06-09,-0.021500354298367497
2019-06-10,-0.012718478127927405
2019-06-11,-0.0048493699666245504
2019-06-12,-0.012786313747441139
2019-06-13,-0.015512715954696091
2019-06-14,-0.01643491788127153
2019-06-15,-0.03502899087841086
2019-06-16,0.0043878657991747545
2019-06-17,-0.0216310089728106
2019-06-18,-0.010646618866325378
2019-06-19,-0.01478282934918492
2019-06-20,-0.015799839039872365
2019-06-21,-0.003050131365050316
2019-06-22,-0.016656083821747807
2019-06-23,-0.0007246459974404132
2019-06-24,-0.03248441099019117
2019-06-25,-0.01626269312709235
2019-06-26,-0.009009464472734763
2019-06-27,-0.014812550920282367
2019-06-28,-0.008288472947393655
2019-06-29,-0.010299499208625348
2019-06-30,-0.01264590946561169
2019-07-01,-0.0203041208486634
2019-07-02,-0.00694138756830831
2019-07-03,-0.01822126744038603
2019-07-04,-0.02415401359599038
2019-07-05,-0.018780997927589287
2019-07-06,-0.015088151259923835
2019-07-07,-0.01013506241125639
2019-07-08,-0.022283985676343782
2019-07-09,-0.007011740944734409
2019-07-10,-0.0033946380877254434
2019-07-11,-0.015228062237432524
2019-07-12,-0.028520427793058818
2019-07-13,-0.006783209796472327
2019-07-14,-0.021465149230856368
2019-07-15,-0.014698106584413173
2019-07-16,0.016584741565917754
2019-07-17,-0.00588233654083629
2019-07-18,-0.004773229776902162
2019-07-19,-0.0072010205080432765
2019-07-20,-0.005564923486206186
2019-07-21,-0.02075100552707339
2019-07-22,-0.014818998372261452
2019-07-23,-0.02345964679240853
2019-07-24,-0.018163897128008588
2019-07-25,0.0017039212228539362
2019-07-26,-0.027474520234972617
2019-07-27,-0.026187575021150433
2019-07-28,-0.009368077440774614
2019-07-29,-0.004273347510601007
2019-07-30,-0.005856722873848234
2019-07-31,-0.0087715631051265
2019-08-01,-0.004359108978874778
2019-08-02,-0.00047621542987467497
2019-08-03,-0.015589098903155777
2019-08-04,-0.012368921606074909
2019-08-05,-0.014833804961942235
2019-08-06,-0.023955041266731314
2019-08-07,-0.011195072870391823
2019-08-08,-0.013818733305297667
2019-08-09,-0.027041009169559167
2019-08-10,-0.006326863574211861
2019-08-11,-0.0014312332722007752
2019-08-12,-0.004257485281208025
2019-08-13,-0.006833466790668948
2019-08-14,0.0016374666023553086
2019-08-15,-0.009085441311003232
2019-08-16,-0.017001411717941634
2019-08-17,-0.021340925937209747
2019-08-18,0.031229731944456624
2019-08-19,-0.016575214355371126
2019-08-20,-0.004459954436134154
2019-08-21,-0.015881578138391417
2019-08-22,-0.032518097810875925
2019-08-23,0.0007357577712189256
2019-08-24,-0.017478079185787365
2019-08-25,-0.0078095971112304525
2019-08-26,-0.00968375093497209
2019-08-27,-0.02038660584465028
2019-08-28,-0.02046617230748149
2019-08-29,-0.004141290225440297
2019-08-30,-0.00817031970555652
2019-08-31,-0.01393243222751428
2019-09-01,-0.018916313272832053
2019-09-02,-0.013428939091520098
2019-09-03,-0.028306044418430282
2019-09-04,-0.004180766037095052
2019-09-05,-0.008182560332326302
2019-09-06,-0.0037730018829956746
2019-09-07,-0.02081347693305406
2019-09-08,-0.021067649633941737
2019-09-09,-0.009693284585971074
2019-09-10,-0.01128327529655789
2019-09-11,-0.01711485697642186
2019-09-12,-0.010488884814482291
2019-09-13,-0.0024861824959094467
2019-09-14,-0.023472474432126966
2019-09-15,-0.01911812954450831
2019-09-16,-0.018057738015249975
2019-09-17,-0.013073801357775472
2019-09-18,-0.0026290181746790875
2019-09-19,0.008931356408688215
2019-09-20,-0.019812484089672955
2019-09-21,-0.009401892626903052
2019-09-22,-0.003929383658918854
2019-09-23,-0.0061786307965481235
2019-09-24,-0.014827096890269361
2019-09-25,-0.00563027309851627
2019-09-26,0.0004537370416497118
2019-09-27,0.0014858299065391527
2019-09-28,-0.017708565788588076
2019-09-29,-0.009105485954970368
2019-09-30,-0.009081106516395376
2019-10-01,-0.0031468836712551518
2019-10-02,-0.002028164534430036
2019-10-03,0.007620600085305407
2019-10-04,0.0004832364348939337
2019-10-05,0.005773373202941985
2019-10-06,-0.03276703539515454
2019-10-07,0.004682106612278932
2019-10-08,-0.006119641636462021
2019-10-09,-0.010968721750100885
2019-10-10,-0.0021924321517047263
2019-10-11,-0.011080999798258606
2019-10-12,-0.029108243940536533
2019-10-13,-0.019466254659353737
2019-10-14,-0.013794137851571686
2019-10-15,-0.01369877464974826
2019-10-16,-0.00522280832111081
2019-10-17,-0.02210823900368275
2019-10-18,-0.007424568588317082
2019-10-19,-0.01778129786695985
2019-10-20,0.0031961915076726597
2019-10-21,-0.0028727784461245465
2019-10-22,-0.01371407761246124
2019-10-23,-0.009662309777763833
2019-10-24,-0.0034136845582954565
2019-10-25,-0.023764684808991927
2019-10-26,-0.031689504427977834
2019-10-27,-0.020919581403921694
2019-10-28,-0.010661615575863944
2019-10-29,-0.011204517143286222
2019-10-30,-0.009646202180332334
2019-10-31,-0.013058285423021121
2019-11-01,-0.020796785254649303
2019-11-02,-0.017713774648286346
2019-11-03,-0.02077696838727498
2019-11-04,-0.024810702285826196
2019-11-05,-0.008534334917982611
2019-11-06,-0.015309973396984033
2019-11-07,-0.0029328558645551617
2019-11-08,-0.024877897439950985
2019-11-09,-0.00252326149819182
2019-11-10,-0.024809669661827665
2019-11-11,-0.008958956211180516
2019-11-12,-0.003811558680348548
2019-11-13,-0.00063452343665793
2019-11-14,-0.007332620959913309
2019-11-15,-0.03088449049016891
2019-11-16,-0.007763311594297033
2019-11-17,-0.009570289978059568
2019-11-18,-0.007975514800833213
2019-11-19,-0.005090382347848236
2019-11-20,-0.012521772926667821
2019-11-21,-0.006798014401552477
2019-11-22,-0.011259788529636902
2019-11-23,0.0029857078273611095
2019-11-24,0.0049043859412475355
2019-11-25,0.015867198592216303
2019-11-26,-0.00023148990637604042
2019-11-27,-0.018524309736782246
2019-11-28,-0.00971712348064994
2019-11-29,-0.011395752619695757
2019-11-30,-0.012921931790490318
2019-12-01,-0.014867798193642071
2019-12-02,-0.011561411273266006
2019-12-03,-0.012006539745376207
2019-12-04,-0.008482370262036132
2019-12-05,-0.007139835320869666
2019-12-06,-0.017212339460081827
2019-12-07,-0.016573576971225263
2019-12-08,-0.012988557760478322
2019-12-09,-0.008589226819792387
2019-12-10,-0.007827518765527933
2019-12-11,-0.015694178364138296
2019-12-12,0.006948737061379329
2019-12-13,0.0076739929853277085
2019-12-14,-0.0053931131417157925
2019-12-15,-0.01932762895518377
2019-12-16,-0.013858533244836288
2019-12-17,-0.0031987342129697893
2019-12-18,-0.015084403407258437
2019-12-19,-0.005229116215018315
2019-12-20,0.000755436382851804
2019-12-21,-0.013621417362904231
2019-12-22,-0.026940509436278792
2019-12-23,0.007049570287977073
2019-12-24,-0.015539186661766013
2019-12-25,-0.008064332847279365
2019-12-26,-0.005977799971428703
2019-12-27,-0.009694956846379813
2019-12-28,-0.013231942509193295
2019-12-29,-0.01656060154970429
2019-12-30,-0.009961632597109174
2019-12-31,-0.02220668570219342
2020-01-01,-0.022642158735859508
2020-01-02,-0.002152370863571451
2020-01-03,-0.029273113328369422
2020-01-04,-0.01840470918492328
2020-01-05,0.006656362083556799
2020-01-06,-0.021414359317909987
2020-01-07,0.023027683148842775
2020-01-08,0.012592623556002066
2020-01-09,0.0002072425350829373
2020-01-10,-0.013781029214323337
2020-01-11,-0.025411481895931714
2020-01-12,-0.009527296781936792
2020-01-13,-0.00685931254337709
2020-01-14,-0.01563114555191762
2020-01-15,-0.017688089293656433
2020-01-16,-0.020904760422942276
2020-01-17,-0.03276826788618137
2020-01-18,0.008150173636820579
2020-01-19,-0.010886909871915096
2020-01-20,0.0044129752287308905
2020-01-21,-0.014857312670928971
2020-01-22,-0.011251216083670265
2020-01-23,-0.003513531564400818
2020-01-24,-0.005767716876396174
2020-01-25,-0.01847927600211056
2020-01-26,-0.006443064638991358
2020-01-27,-0.002650643474268096
2020-01-28,0.0019132317678292783
2020-01-29,-0.0029858943140754026
2020-01-30,0.014191840729160687
2020-01-31,-0.011865639125888191
2020-02-01,-0.022934342204519398
2020-02-02,-0.011650681481587913
2020-02-03,-0.01680773366894554
2020-02-04,-0.018273143107397177
2020-02-05,-0.016547615857102255
2020-02-06,-0.012970760309380047
2020-02-07,-0.015790374741709152
2020-02-08,-0.0174288287503096
2020-02-09,-0.00886819570978
2020-02-10,-0.005138914422740948
2020-02-11,-0.0024839978828924414
2020-02-12,-0.015520154609572864
2020-02-13,-0.012135685162743734
2020-02-14,0.007449839932975951
2020-02-15,-0.021491144696443865
2020-02-16,-0.015443000112006574
2020-02-17,-0.006128388532669578
2020-02-18,-0.022514237674864084
2020-02-19,-0.0041760563388006195
2020-02-20,-0.01875147133460627
2020-02-21,-0.016891569216986646
2020-02-22,-0.005033125235241391
2020-02-23,-0.01129374012417502
2020-02-24,-0.010355788027064458
2020-02-25,-0.001685091926459048
2020-02-26,-0.00935765745662931
2020-02-27,-0.01633566692726318
2020-02-28,-0.006426302368838639
2020-02-29,-0.010440439282425032
2020-03-01,-0.016959711667003424
2020-03-02,-0.003786844846842663
2020-03-03,-0.009592251924488537
2020-03-04,-0.018023298623653077
2020-03-05,-0.01905683349572999
2020-03-06,-0.008258871601164564
2020-03-07,0.0031421120505643607
2020-03-08,-0.016297786286623966
2020-03-09,0.007285144286629149
2020-03-10,-0.005428721429887447
2020-03-11,-0.023311508535638237
2020-03-12,-0.0028712891798387354
2020-03-13,-0.0003695414785506908
2020-03-14,-0.02067332212883703
2020-03-15,-0.005143872558290592
2020-03-16,0.014159752283244545
2020-03-17,-0.009202270039878132
2020-03-18,-0.0011844252015741723
2020-03-19,-0.013997910586796522
2020-03-20,0.00650213863993195
2020-03-21,-0.014940000812520301
2020-03-22,-0.01924506438421854
2020-03-23,-0.004753180731004096
2020-03-24,-0.006085135731975185
2020-03-25,-0.017810994694010745
2020-03-26,-0.008752686840130974
2020-03-27,-0.0007610649470639608
2020-03-28,-0.01585094856624451
2020-03-29,-0.010780248464821026
2020-03-30,-0.012601678035113473
2020-03-31,-0.004200870078447346
2020-04-01,-0.014153974091588806
2020-04-02,-0.011001859313308882
2020-04-03,-0.011130933110486851
2020-04-04,-0.015334074240027381
2020-04-05,-0.005430314961802463
2020-04-06,0.0008405203045827037
2020-04-07,-0.0011455150342911298
2020-04-08,-0.005269070120372403
2020-04-09,-0.01369623373573999
2020-04-10,-0.019329032277507558
2020-04-11,-0.017528577409440322
2020-04-12,-0.011554348597077454
2020-04-13,-0.029897511132421783
2020-04-14,-0.009845098017019716
2020-04-15,-0.019314967409141515
2020-04-16,-0.026174334127954408
2020-04-17,-0.017995308014792395
2020-04-18,-0.01618036145438066
2020-04-19,-0.014764106264422927
2020-04-20,-0.013552735068755503
2020-04-21,-0.015311203817513422
2020-04-22,-0.007008387552409438
2020-04-23,-0.021567525628031436
2020-04-24,-0.01784352098534092
2020-04-25,-0.00393300354044505
2020-04-26,-0.002230349737062006
2020-04-27,-0.014726529456549028
2020-04-28,-0.009104294559380074
2020-04-29,-0.008343459896894556
2020-04-30,-0.01982721327752383
2020-05-01,-0.013976018438978185
2020-05-02,-0.017123369494511837
2020-05-03,-0.016619343735984504
2020-05-04,0.013509637900998054
2020-05-05,-0.021377368188136254
2020-05-06,-0.014279092232250287
2020-05-07,-0.01403730726398437
2020-05-08,-0.016801092367341286
2020-05-09,-0.007776182471694574
2020-05-10,-0.016891136687705883
2020-05-11,-0.01393846556198782
2020-05-12,-0.0008121775607962863
2020-05-13,-0.00474255046105776
2020-05-14,-0.004635290926506201
2020-05-15,-0.007997859960147347
2020-05-16,-0.003788713006504888
2020-05-17,-0.020359540073897286
2020-05-18,0.004447566389217283
2020-05-19,-0.020929400279948496
2020-05-20,-0.004788994336986392
2020-05-21,-0.02106259103032067
2020-05-22,-0.0073940181231289355
2020-05-23,-0.027723544226226655
2020-05-24,-0.024359704031185037
2020-05-25,-0.011083310937066862
2020-05-26,-0.008935621486112155
2020-05-27,0.005015448603449897
2020-05-28,-0.005709350848012311
2020-05-29,0.00268350682233065
2020-05-30,-0.012763960951190331
2020-05-31,-0.034028781566035025
2020-06-01,-0.003218936950541614
2020-06-02,-0.012636525587256328
2020-06-03,-0.012112467265432728
2020-06-04,-0.01664052078561477
2020-06-05,-0.011648870175528995
2020-06-06,-0.011618286268859931
2020-06-07,-0.02477177323499465
2020-06-08,-0.011858851171646942
2020-06-09,-0.011057814125772484
2020-06-10,-0.004185216143278196
2020-06-11,-0.005595697219745325
2020-06-12,-0.007470657854579454
2020-06-13,-0.024098182773311883
2020-06-14,-0.022653879258109615
2020-06-15,-0.018679018037495537
2020-06-16,-0.003786443665219519
2020-06-17,-0.010231320433174615
2020-06-18,-0.021104426944225246
2020-06-19,-0.0007518588872497863
2020-06-20,-0.005006698184141789
2020-06-21,-0.018662765057760915
2020-06-22,-0.00015030760666427204
2020-06-23,0.007432359838705864
2020-06-24,0.0036260380658570033
2020-06-25,-0.0032320789303373156
2020-06-26,-0.006404389240833123
2020-06-27,-0.010544640563998545
2020-06-28,-0.01254221485113649
2020-06-29,0.008165716519680418
2020-06-30,-0.013382462360471803
2020-07-01,-0.02171360584349295
2020-07-02,-0.03388841008575968
2020-07-03,-0.013223690350061398
2020-07-04,-0.01152236244742381
2020-07-05,-0.008321119878343275
2020-07-06,-0.010381145094212249
2020-07-07,-0.01141810397026836
2020-07-08,-0.010193501141305942
2020-07-09,-0.00720156141413227
2020-07-10,-0.012479320177490094
2020-07-11,-0.006015468192321165
2020-07-12,-0.03629789148653236
2020-07-13,-0.0028614545001944083
2020-07-14,-0.004323874941735324
2020-07-15,-0.015690903195820782
2020-07-16,-0.018441693703373823
2020-07-17,-0.01842873055032797
2020-07-18,-0.012011997515465223
2020-07-19,-0.0038435622200435984
2020-07-20,-0.0006627285480933498
2020-07-21,-0.011967697955662623
2020-07-22,-0.009547276045902406
2020-07-23,0.00980772232576621
2020-07-24,-0.008873160214030692
2020-07-25,-0.017938140855480993
2020-07-26,-0.027363175075865942
2020-07-27,-0.00905930675082256
2020-07-28,-0.034636865808316895
2020-07-29,-0.004483682736269312
2020-07-30,-0.016208795440163664
2020-07-31,-0.02468984331526995
2020-08-01,-0.01562938244563265
2020-08-02,0.0029138622512074885
2020-08-03,-0.007554115597473728
2020-08-04,-0.01556024505089637
2020-08-05,-0.023967269834468435
2020-08-06,-0.026102682048751213
2020-08-07,-0.0043451019179924595
2020-08-08,-0.019358922061571453
2020-08-09,-0.007365852386866156
2020-08-10,-0.03626169656734194
2020-08-11,-0.017653442289586097
2020-08-12,-0.006542354984424015
2020-08-13,-0.013871392547487113
2020-08-14,-0.0024027014440101877
2020-08-15,-0.017365575778854076
2020-08-16,-0.014452562876543618
2020-08-17,-0.025912231956526626
2020-08-18,-0.011319455045465795
2020-08-19,-0.015352273329169367
2020-08-20,-0.009535004667585093
2020-08-21,-0.0031287052428798554
2020-08-22,-0.008336237061600102
2020-08-23,-0.005548170545865094
2020-08-24,-0.014258658644999422
2020-08-25,-0.021621585923683795
2020-08-26,-0.0023585728186890456
2020-08-27,-0.011638445122589195
2020-08-28,-0.02219830985318953
2020-08-29,-0.016912965650358786
2020-08-30,-0.027266949816571295
2020-08-31,-0.014870907929655175
2020-09-01,-0.011559281293550957
2020-09-02,-0.018928081279632598
2020-09-03,-0.020744764144574195
2020-09-04,0.004283866928853408
2020-09-05,-0.012547977976947547
2020-09-06,-0.004537654947956586
2020-09-07,-0.007478526201807519
2020-09-08,-0.016191163430705185
2020-09-09,-0.0035530319542815456
2020-09-10,-0.015106155663672793
2020-09-11,-0.02029097252056537
2020-09-12,-0.020715859033676454
2020-09-13,0.022007738158691097
2020-09-14,-0.026932993157875302
2020-09-15,-0.012924633766774107
2020-09-16,0.010930749546515147
2020-09-17,-0.0006047848252942097
2020-09-18,-0.003332636202405278
2020-09-19,-0.011440704653304379
2020-09-20,-0.018953868811585967
2020-09-21,-0.01909763901481291
2020-09-22,-0.009403657543260632
2020-09-23,-0.012155784369488646
2020-09-24,0.0013812494008676273
2020-09-25,-0.010158907188793864
2020-09-26,-0.015526034982215053
2020-09-27,0.0030621171649904966
2020-09-28,-0.012781302157767885
2020-09-29,-0.00667953646007402
2020-09-30,-0.008017584999096439
2020-10-01,-0.004198436068220716
2020-10-02,0.003976657192532818
2020-10-03,-0.0024053802833838844
2020-10-04,-0.01896639407852041
2020-10-05,-0.011708742426897492
2020-10-06,-0.025057130722482574
2020-10-07,-0.003174310979719319
2020-10-08,-0.022720121947287675
2020-10-09,-0.024824242708752497
2020-10-10,-0.020813417840633324
2020-10-11,0.0029500675626637682
2020-10-12,-0.02474392797083617
2020-10-13,-0.015252864076815845
2020-10-14,0.0073598437549560565
2020-10-15,-0.019757199811520576
2020-10-16,-0.0128046901016902
2020-10-17,0.013840493933362619
2020-10-18,-0.019305606145570236
2020-10-19,-0.01386348243966562
2020-10-20,0.0011877558118132587
2020-10-21,-0.01140461771508916
2020-10-22,-0.007097065875028859
2020-10-23,-0.014355700382032896
2020-10-24,-0.014000072606449495
2020-10-25,-0.004415989516061518
2020-10-26,-0.0064493534371640555
2020-10-27,-0.0030877529748001287
2020-10-28,0.00027540371010422354
2020-10-29,-0.008728807497169791
2020-10-30,0.022224294807783318
2020-10-31,-0.02075479604842545
2020-11-01,-0.01320712906878104
2020-11-02,-0.017208550475651323
2020-11-03,-0.024637796369546067
2020-11-04,-0.033739003622612805
2020-11-05,-0.01519912551647847
2020-11-06,0.004185545578592483
2020-11-07,-0.011311168506154212
2020-11-08,-0.004335925397388289
2020-11-09,-0.00861846272936051
2020-11-10,-0.012339592696874013
2020-11-11,0.00543572725174805
2020-11-12,0.005861401138561484
2020-11-13,-0.007303478230540487
2020-11-14,-0.018884399562613268
2020-11-15,-0.014174707943229762
2020-11-16,0.002357491398979968
2020-11-17,-0.025873881987785063
2020-11-18,-0.02843629246729144
2020-11-19,-0.020250102643394403
2020-11-20,-0.014699876908946105
2020-11-21,-0.03139039395793456
2020-11-22,-0.016534730223742373
2020-11-23,-0.00845324026615187
2020-11-24,-0.026122715148895748
2020-11-25,-0.012314840043896491
2020-11-26,-0.006607904445728489
2020-11-27,-0.0164571084659354
2020-11-28,-0.009335819641543583
2020-11-29,-0.018216254555482814
2020-11-30,-0.012705784913673615
2020-12-01,-0.011218016949210319
2020-12-02,-0.012078685085727145
2020-12-03,-0.016302201913730736
2020-12-04,-0.02458034555054589
2020-12-05,-0.012975567502899557
2020-12-06,-0.01182490412929423
2020-12-07,-0.009883451100843136
2020-12-08,-0.01155081968384856
2020-12-09,-0.02682600980985587
2020-12-10,0.0006773813458347266
2020-12-11,-0.019279581001641028
2020-12-12,-0.008361671411467783
2020-12-13,-0.020858121366789734
2020-12-14,-0.004720739703209335
2020-12-15,-0.016287294324726902
2020-12-16,0.006222623777065024
2020-12-17,-0.023042561715736487
2020-12-18,-0.013422602494170266
2020-12-19,-0.019046887913481043
2020-12-20,-0.0016225407434021788
2020-12-21,-0.029275113503006045
2020-12-22,-0.001988854800955379
2020-12-23,-0.014693802909266288
2020-12-24,-0.0020186759472632376
2020-12-25,-0.029935145682733737
2020-12-26,-0.014409059323117424
2020-12-27,-0.016089963475797126
2020-12-28,-0.03206449862336913
2020-12-29,-0.02390949828343351
2020-12-30,-0.032661795827069774
2020-12-31,-0.03289061313809923
2021-01-01,-0.011058339575265511
2021-01-02,-0.018350918194404153
2021-01-03,-0.004972704714706159
2021-01-04,-0.010450740532731687
2021-01-05,-0.01734962957490756
2021-01-06,-0.03350737972192271
2021-01-07,-0.005815383596806778
2021-01-08,-0.024284691423978638
2021-01-09,-0.040616557220818285
2021-01-10,-0.003477655093216625
2021-01-11,-0.023122630845318997
2021-01-12,-0.009380259722683637
2021-01-13,-0.008641214425696394
2021-01-14,-0.03832326595839793
2021-01-15,-0.024890726897994875
2021-01-16,-0.0052114125724961324
2021-01-17,-0.00571312926600757
2021-01-18,-0.006353338913966722
2021-01-19,0.0020892055534888674
2021-01-20,-0.020776485023256352
2021-01-21,-0.011341129243656453
2021-01-22,-0.001015680329693014
2021-01-23,-0.011610769396742326
2021-01-24,0.0044207846192165405
2021-01-25,-0.027001909575693372
2021-01-26,-0.01610510102774017
2021-01-27,-0.006392006863455979
2021-01-28,-0.027449260737314463
2021-01-29,-0.0031481109907235774
2021-01-30,-0.010279881018519324
2021-01-31,-0.01227200362344183
2021-02-01,-0.02045807054757402
2021-02-02,-0.0025719490349647898
2021-02-03,-0.013381036364372415
2021-02-04,-0.01859543655310995
2021-02-05,-0.0032568100637282438
2021-02-06,-0.01639173452174625
2021-02-07,-0.0010299414680248569
2021-02-08,-0.011474346775695884
2021-02-09,-0.015895472171204128
2021-02-10,-0.01787363938811411
2021-02-11,-0.015558466245009487
2021-02-12,-0.012255691558745285
2021-02-13,-0.038518844774440786
2021-02-14,-0.019361460888101423
2021-02-15,-0.017734729285145818
2021-02-16,-0.024377076031802097
2021-02-17,-0.022329444605036126
2021-02-18,-0.03177227795683779
2021-02-19,-0.018992862399417332
2021-02-20,-0.019940885272288728
2021-02-21,-0.012709494759600778
2021-02-22,-0.013321647764885166
2021-02-23,-0.014074907442738796
2021-02-24,-0.02185983181506797
2021-02-25,-0.004093962689262469
2021-02-26,-0.024146152271181998
2021-02-27,0.003647679596083068
2021-02-28,-0.012169797009080866
2021-03-01,-0.020466523975766315
2021-03-02,-0.01844648605401659
2021-03-03,-0.025786203699351584
2021-03-04,-0.004707816863302461
2021-03-05,-0.013272792030276684
2021-03-06,-0.017330341870444983
2021-03-07,-0.0010359472439434396
2021-03-08,0.0065324110162852484
2021-03-09,-0.0006822867343336814
2021-03-10,-0.035113947680536994
2021-03-11,-0.03047320774859737
2021-03-12,-0.00862095153141429
2021-03-13,-0.015914823331265187
2021-03-14,-0.039900835333307426
2021-03-15,-0.020883421926699414
2021-03-16,-0.008644071363324604
2021-03-17,-0.013385577882369529
2021-03-18,-0.012713637117813925
2021-03-19,-0.010323158392889073
2021-03-20,-0.001681393558515006
2021-03-21,-0.010761835445670368
2021-03-22,-0.02103084993113428
2021-03-23,-0.004386863639726402
2021-03-24,-0.02550774839338917
2021-03-25,-0.017359540671321134
2021-03-26,-0.0246901046457777
2021-03-27,-0.018616849034804095
2021-03-28,-0.03563259774385678
2021-03-29,-0.003003153240539458
2021-03-30,-0.019066043165382813
2021-03-31,-0.016794709394260088
2021-04-01,-0.013581147760416745
2021-04-02,-0.022026331237015178
2021-04-03,-0.0391306038774862
2021-04-04,-0.0076085169590450015
2021-04-05,-0.002896686922570576
2021-04-06,-0.007772431229450298
2021-04-07,-0.00020982690211276042
2021-04-08,0.0001006814262553742
2021-04-09,-0.011041089054386943
2021-04-10,-0.03385780898231242
2021-04-11,-0.027688870451298975
2021-04-12,-0.017061232765292478
2021-04-13,-0.007386168698277462
2021-04-14,-0.01372681665018649
2021-04-15,-0.012624049399678169
2021-04-16,-0.018226909774009942
2021-04-17,-0.02381690482139816
2021-04-18,-0.02647287545429459
2021-04-19,-0.008722378094560631
2021-04-20,-0.003883780878770393
2021-04-21,-0.01819097313153928
2021-04-22,-5.794253599696505e-05
2021-04-23,-0.003287904276707443
2021-04-24,-0.010368020344358539
2021-04-25,0.0032239013767813387
2021-04-26,-0.018370818534707716
2021-04-27,-0.00853233162354546
2021-04-28,-0.006797957064314075
2021-04-29,-0.01565230450363042
2021-04-30,-0.005586980243572255
2021-05-01,-0.008967295861070257
2021-05-02,-0.03891736149795496
2021-05-03,-0.033114993548969886
2021-05-04,-0.010637005356423498
2021-05-05,-0.02305595840275961
2021-05-06,-0.008814495715546785
2021-05-07,-0.030805971157514638
2021-05-08,-0.004875625419194766
2021-05-09,-0.018238916140213928
2021-05-10,-0.01767255182543896
2021-05-11,-0.013971064408797066
2021-05-12,-0.018355868204777564
2021-05-13,-0.002982374195543258
2021-05-14,0.017313742362466706
2021-05-15,-0.003558200345874433
2021-05-16,-0.003607228427837191
2021-05-17,-0.007166177922601842
2021-05-18,-0.003450887352130431
2021-05-19,-0.008677736357138385
2021-05-20,-0.007313215021432155
2021-05-21,0.004521196059599997
2021-05-22,-0.0013458525610093492
2021-05-23,-0.007191465260549812
2021-05-24,-0.003775480454752881
2021-05-25,-0.009600045041585478
2021-05-26,-0.005301492252226536
2021-05-27,-0.02583319861693767
2021-05-28,-0.00317909523820481
2021-05-29,0.0008110706839002576
2021-05-30,0.009359453821165986
2021-05-31,0.00017565791962803612
2021-06-01,0.0009642749149875174
2021-06-02,-0.010284101311015611
2021-06-03,-0.005430272769324136
2021-06-04,-0.00480530750871296
2021-06-05,-0.006020487190886621
2021-06-06,0.0017109734370116536
2021-06-07,-0.015238149560553471
2021-06-08,0.006084078420485232
2021-06-09,-0.016926506058300966
2021-06-10,-0.016175070180715772
2021-06-11,-0.0009710352604107575
2021-06-12,-0.0055700053944949994
2021-06-13,0.00518065756375526
2021-06-14,-0.02967293895373524
2021-06-15,-0.009023745585837331
2021-06-16,-0.005869617653652052
2021-06-17,0.005352841957817933
2021-06-18,0.0014556673655654235
2021-06-19,-0.013560727181601099
2021-06-20,-0.007357300074978294
2021-06-21,-0.009269930662046363
2021-06-22,-0.012197284857983104
2021-06-23,0.0033636465159196938
2021-06-24,-0.010759327673250607
2021-06-25,-0.019927686485162632
2021-06-26,-0.011897915635600609
2021-06-27,-0.013252467537283522
2021-06-28,-0.01893148168414645
2021-06-29,-0.021980838537956033
2021-06-30,-0.018674676837439026
2021-07-01,0.001442396084462098
2021-07-02,-0.022808169361525927
2021-07-03,-0.007884110607196737
2021-07-04,-0.01921010644260727
2021-07-05,-0.007194732143815312
2021-07-06,-0.007042636709665651
2021-07-07,0.016097485009874107
2021-07-08,-0.029202930669902278
2021-07-09,-0.003487161749728777
2021-07-10,-0.026653636602777347
2021-07-11,0.009067227536093792
2021-07-12,-0.014391673263196311
2021-07-13,-0.00568632428057018
2021-07-14,-0.0252084261451692
2021-07-15,-0.007806971244676146
2021-07-16,-0.010192632000264398
2021-07-17,-0.013131218282984284
2021-07-18,-0.01162809386404314
2021-07-19,-0.016849001508569605
2021-07-20,0.0021798800758918713
2021-07-21,-0.008046293856284933
2021-07-22,-0.004890972373521392
2021-07-23,-0.009897942601276669
2021-07-24,-0.013634884558495819
2021-07-25,-0.011849176579554125
2021-07-26,-0.007972040339217204
2021-07-27,-0.00979179141630467
2021-07-28,0.0029388513866597985
2021-07-29,0.0017138423809844872
2021-07-30,-0.0167656349615517
2021-07-31,-0.021056557687530824
2021-08-01,-0.008262945011423809
2021-08-02,-0.020229447057422505
2021-08-03,-0.012499696662844006
2021-08-04,0.003487216414095773
2021-08-05,-0.012775846039845606
2021-08-06,-0.008589141121699026
2021-08-07,-0.025662107371255405
2021-08-08,-0.025676022360414923
2021-08-09,-0.0034211634790483427
2021-08-10,-0.00845908639698397
2021-08-11,-0.028891890931392845
2021-08-12,-0.0029227384195442316
2021-08-13,-0.0004053870574807587
2021-08-14,-0.02739185551642509
2021-08-15,-0.011425156587496063
2021-08-16,-0.018568001474371282
2021-08-17,-0.005710056535634056
2021-08-18,-0.013293747421846192
2021-08-19,-0.013326227114834591
2021-08-20,-0.006527164753883523
2021-08-21,-0.012065067243850444
2021-08-22,-0.010852037786256727
2021-08-23,-0.0023145983418224603
2021-08-24,-0.01156110634856237
2021-08-25,-0.005062968725583687
2021-08-26,-0.003651835045621018
2021-08-27,-0.012140327992064104
2021-08-28,-0.017781714327082643
2021-08-29,0.007583420661018618
2021-08-30,-0.010415822972536959
2021-08-31,-0.0031627397253998954
2021-09-01,-0.012402403720481847
2021-09-02,-0.021539167045608543
2021-09-03,-0.021211416716761633
2021-09-04,-0.02636558484003478
2021-09-05,-0.020896612709507673
2021-09-06,-0.019067113557987292
2021-09-07,-0.017472527942411425
2021-09-08,-0.008439982661082182
2021-09-09,-0.020164740503683443
2021-09-10,0.005160664522433282
2021-09-11,0.001937797204774531
2021-09-12,0.0015040787330164636
2021-09-13,-0.022393858676839
2021-09-14,0.0003020718882248789
2021-09-15,-0.027555962486504566
2021-09-16,-0.004853972346778979
2021-09-17,-0.025145612526746557
2021-09-18,-0.00322654883715238
2021-09-19,-0.009954352457833346
2021-09-20,-0.0067513624673697
2021-09-21,-0.01422723101108895
2021-09-22,-0.006997765704218913
2021-09-23,-0.013039903463068306
2021-09-24,-0.010595297105720158
2021-09-25,0.005269921198426619
2021-09-26,-0.016288904871243903
2021-09-27,-0.009791534107840283
2021-09-28,-0.007599996642920215
2021-09-29,0.004945099336899276
2021-09-30,-0.021445329717712736
2021-10-01,-0.009372279881188791
2021-10-02,-0.025830681340445933
2021-10-03,-0.016014529683031926
2021-10-04,-0.018164564199751283
2021-10-05,-0.016391326347584372
2021-10-06,-0.01035609089238576
2021-10-07,-0.014013575448574844
2021-10-08,-0.01780573438257549
2021-10-09,-0.002220243357110796
2021-10-10,-0.010228953844490555
2021-10-11,-0.015228197242540098
2021-10-12,-0.022709736444495515
2021-10-13,0.0022436173186590005
2021-10-14,-0.02015386264735941
2021-10-15,-0.024303389596937525
2021-10-16,-0.017831478563557712
2021-10-17,-0.011044960535162499
2021-10-18,-0.014723622326025162
2021-10-19,-0.0005434275110606975
2021-10-20,-0.00887513991214417
2021-10-21,-0.01694629023569605
2021-10-22,0.00027043550026280744
2021-10-23,-0.023493002247698385
2021-10-24,-0.009039890344198276
2021-10-25,-0.009709386613275695
2021-10-26,-0.02637358306317857
2021-10-27,-0.007026313075493729
2021-10-28,-0.025559703670878526
2021-10-29,-0.003556282725500126
2021-10-30,-0.020834116766969557
2021-10-31,-0.021209597744505298
2021-11-01,-0.005839481712126522
2021-11-02,-0.020804560608927807
2021-11-03,-0.019192784407086532
2021-11-04,0.0017111151768158066
2021-11-05,-0.025920729493632073
2021-11-06,-0.010005762856152511
2021-11-07,-0.012074746792576732
2021-11-08,-0.028853244343622724
2021-11-09,-0.019583250535766743
2021-11-10,-0.01418723140713
2021-11-11,-0.016849084744090487
2021-11-12,-0.001784891696960907
2021-11-13,-0.024560739508357503
2021-11-14,-0.007294376134535763
2021-11-15,0.0008674799626049445
2021-11-16,-0.003751275331538332
2021-11-17,0.0024750642312413675
2021-11-18,-0.006221057332603881
2021-11-19,-0.017317729308564973
2021-11-20,-0.015971855788718292
2021-11-21,-0.00865428995234152
2021-11-22,-0.027691479748880126
2021-11-23,-0.003474160711913051
2021-11-24,-0.0036298519441100665
2021-11-25,-0.010178271241967499
2021-11-26,-0.0017933254358412827
2021-11-27,-0.0135446459866528
2021-11-28,-0.016251196748004276
2021-11-29,-0.010147520957797399
2021-11-30,0.0034827265541689614
2021-12-01,-0.002588648164738657
2021-12-02,-0.01288677510166969
2021-12-03,-0.004515547334648799
2021-12-04,-0.013159185247273367
2021-12-05,0.002320906457965085
2021-12-06,-0.015742813798918804
2021-12-07,-0.0027354665478205678
2021-12-08,0.003941244271125854
2021-12-09,-0.002624251683267668
2021-12-10,-0.007422185953219603
2021-12-11,0.00017925000235004726
2021-12-12,-0.012514079652355922
2021-12-13,-0.0020932534453485343
2021-12-14,0.0008192287434444223
2021-12-15,-0.007100573676240988
2021-12-16,-0.007588910795104857
2021-12-17,-0.005955913066230963
2021-12-18,-0.005556453615230901
2021-12-19,0.011194826421460006
2021-12-20,-0.0010781968457500197
2021-12-21,-0.015120217285793195
2021-12-22,-0.0066867336315686865
2021-12-23,-0.003339566770585075
2021-12-24,-0.01673081218087084
2021-12-25,-0.018642991866292036
2021-12-26,-0.014535601281314517
2021-12-27,-0.0006925487356378435
2021-12-28,-0.0027606754780168754
2021-12-29,0.0016407965272757414
2021-12-30,-0.01053976483187898
2021-12-31,-0.015071232645192759
