Date,Open,High,Low,Close,Volume,news,SENTIMENTAL,next day prediction
2019/01/01,3746.713379,3850.913818,3707.231201,3843.52002,4324200990,11,NEGATIVE,1
2019/01/02,3849.216309,3947.981201,3817.409424,3943.409424,5244856836,35,NEGATIVE,-1
2019/01/03,3931.048584,3935.685059,3826.2229,3836.741211,4530215219,51,NEGATIVE,0
2019/01/04,3832.040039,3865.93457,3783.85376,3857.717529,4847965467,29,NEGATIVE,0
2019/01/05,3851.973877,3904.903076,3836.900146,3845.19458,5137609824,17,NEGATIVE,1
2019/01/06,3836.519043,4093.297363,3826.513184,4076.632568,5597027440,20,NEGATIVE,-1
2019/01/07,4078.584961,4092.613525,4020.894043,4025.248291,5228625637,28,NEGATIVE,0
2019/01/08,4028.472168,4109.020996,3996.955322,4030.8479,5306593305,43,NEGATIVE,0
2019/01/09,4031.552002,4068.403564,4022.662842,4035.296387,5115905225,47,NEGATIVE,-1
2019/01/10,4034.411377,4064.06665,3659.174561,3678.924561,6874143796,48,NEGATIVE,0
2019/01/11,3674.015381,3713.881836,3653.069824,3687.365479,5538712865,31,NEGATIVE,0
2019/01/12,3686.973145,3698.978271,3653.810791,3661.301025,4778170883,13,NEGATIVE,-1
2019/01/13,3658.868164,3674.76001,3544.927246,3552.953125,4681302466,11,NEGATIVE,1
2019/01/14,3557.311035,3727.836182,3552.285156,3706.052246,5651384490,49,NEGATIVE,-1
2019/01/15,3704.216309,3720.15332,3619.949219,3630.675293,5537192302,45,NEGATIVE,0
2019/01/16,3631.509766,3685.7771,3624.67334,3655.006836,5394457145,44,NEGATIVE,0
2019/01/17,3651.871094,3680.135986,3621.960938,3678.563965,5464420383,40,NEGATIVE,0
2019/01/18,3677.990479,3682.52002,3637.080811,3657.839355,5002961727,34,NEGATIVE,1
2019/01/19,3652.37793,3758.533447,3652.37793,3728.568359,5955691380,14,NEGATIVE,-1
2019/01/20,3725.446045,3743.387939,3583.019531,3601.013672,5582489560,13,NEGATIVE,0
2019/01/21,3600.372803,3608.84082,3558.537109,3576.032471,5004347059,26,NEGATIVE,1
2019/01/22,3575.081299,3620.746582,3539.721436,3604.577148,5313623556,47,NEGATIVE,0
2019/01/23,3605.557129,3623.067871,3565.313965,3585.123047,5433755649,36,NEGATIVE,0
2019/01/24,3584.500244,3616.087402,3569.092773,3600.865479,5262869046,42,NEGATIVE,0
2019/01/25,3607.390381,3612.927734,3575.597412,3599.765869,5265847539,24,NEGATIVE,0
2019/01/26,3599.715332,3654.933105,3593.345947,3602.460449,5098183235,12,NEGATIVE,0
2019/01/27,3604.687256,3612.671387,3567.24585,3583.96582,5570752966,10,NEGATIVE,-1
2019/01/28,3584.283203,3586.750977,3439.23291,3470.450439,6908930483,31,NEGATIVE,0
2019/01/29,3468.870117,3476.06543,3400.819824,3448.116943,5897159493,41,NEGATIVE,1
2019/01/30,3443.896973,3495.174805,3429.387939,3486.181641,5955112627,30,NEGATIVE,0
2019/01/31,3485.40918,3504.804932,3447.915771,3457.792725,5831198271,46,NEGATIVE,0
2019/02/01,3460.547119,3501.954102,3431.591553,3487.945313,5422926707,30,NEGATIVE,1
2019/02/02,3484.625977,3523.287354,3467.574707,3521.060791,5071623601,13,NEGATIVE,-1
2019/02/03,3516.139648,3521.388184,3447.924316,3464.013428,5043937584,18,NEGATIVE,0
2019/02/04,3467.21167,3476.223877,3442.586914,3459.154053,5332718886,57,NEGATIVE,0
2019/02/05,3454.950928,3478.148193,3451.937012,3466.357422,5227549545,53,NEGATIVE,-1
2019/02/06,3469.091797,3469.091797,3398.56543,3413.767822,5482196038,63,NEGATIVE,0
2019/02/07,3414.929443,3427.945557,3394.218506,3399.47168,5004962683,44,NEGATIVE,1
2019/02/08,3401.376465,3695.614014,3391.023682,3666.780273,7735623101,30,POSITIVE,0
2019/02/09,3671.585938,3679.941406,3646.559326,3671.203613,6158833645,16,NEGATIVE,0
2019/02/10,3673.201416,3695.036133,3640.97998,3690.188232,6282256903,9,POSITIVE,-1
2019/02/11,3695.613037,3695.613037,3642.287842,3648.430664,6277056434,33,NEGATIVE,0
2019/02/12,3642.751953,3668.586914,3618.556885,3653.528564,6480384532,25,NEGATIVE,0
2019/02/13,3653.604004,3669.746582,3617.246338,3632.070557,6438903823,36,NEGATIVE,0
2019/02/14,3631.170166,3646.256592,3607.697754,3616.880859,6271044418,58,NEGATIVE,0
2019/02/15,3617.368408,3647.795166,3608.206543,3620.810791,6091952231,41,NEGATIVE,0
2019/02/16,3615.270264,3652.841309,3615.270264,3629.787598,5934744052,14,NEGATIVE,1
2019/02/17,3633.359375,3680.537354,3619.182129,3673.836182,7039512503,11,NEGATIVE,1
2019/02/18,3671.369873,3936.665039,3669.982422,3915.714355,9908216640,16,NEGATIVE,1
2019/02/19,3911.661621,4010.879395,3908.153076,3947.094482,9933626655,30,NEGATIVE,1
2019/02/20,3946.685059,4000.486328,3926.246826,3999.820557,8693373948,35,POSITIVE,-1
2019/02/21,4000.256836,4010.009521,3940.108154,3954.118164,7775128102,34,NEGATIVE,1
2019/02/22,3952.406494,4006.53833,3950.816406,4005.526611,7826525254,39,NEGATIVE,1
2019/02/23,3998.91626,4166.286133,3968.726807,4142.526855,8922258316,16,POSITIVE,-1
2019/02/24,4145.458008,4210.641602,3793.708984,3810.42749,10794227451,12,POSITIVE,1
2019/02/25,3807.002441,3913.707275,3807.002441,3882.696289,9318796067,37,NEGATIVE,0
2019/02/26,3878.697266,3891.578857,3837.986328,3854.35791,7931218996,35,NEGATIVE,0
2019/02/27,3857.479736,3888.80249,3787.058838,3851.047363,8301309684,48,NEGATIVE,0
2019/02/28,3848.261963,3906.05835,3845.821289,3854.7854,8399767798,47,NEGATIVE,0
2019/03/01,3853.75708,3907.79541,3851.692383,3859.58374,7661247975,42,NEGATIVE,0
2019/03/02,3855.318115,3874.607422,3832.12793,3864.415039,7578786076,7,NEGATIVE,0
2019/03/03,3862.266113,3875.483643,3836.905762,3847.175781,7253558152,15,NEGATIVE,-1
2019/03/04,3845.091553,3867.381836,3733.749756,3761.557129,9029175788,39,NEGATIVE,1
2019/03/05,3759.83252,3903.916748,3745.183105,3896.375,10174126415,28,NEGATIVE,0
2019/03/06,3897.081055,3919.510498,3871.460693,3903.942627,9175291529,27,NEGATIVE,0
2019/03/07,3903.384766,3939.373291,3894.113037,3911.484375,9584165519,57,NEGATIVE,0
2019/03/08,3913.22583,3950.432129,3875.228516,3901.131592,10638638944,45,NEGATIVE,1
2019/03/09,3894.55249,3987.237793,3892.390381,3963.313721,10796103518,18,NEGATIVE,0
2019/03/10,3966.174316,3966.174316,3924.381104,3951.599854,9713267607,7,NEGATIVE,-1
2019/03/11,3953.740234,3966.384766,3889.239014,3905.227295,10125901903,30,NEGATIVE,0
2019/03/12,3903.758301,3926.88916,3863.559082,3909.15625,9809887079,31,NEGATIVE,0
2019/03/13,3913.047363,3926.597656,3891.904297,3906.717285,9469184841,31,NEGATIVE,0
2019/03/14,3905.576904,3946.504395,3901.296875,3924.369141,10480789570,44,NEGATIVE,1
2019/03/15,3926.66333,3968.542969,3914.015381,3960.911133,9394210605,40,NEGATIVE,1
2019/03/16,3963.900146,4077.036377,3961.657471,4048.72583,9856166973,14,NEGATIVE,0
2019/03/17,4047.719482,4054.12207,4006.411133,4025.229004,8221625400,7,POSITIVE,0
2019/03/18,4029.968506,4071.556641,4009.117188,4032.507324,9646954186,29,NEGATIVE,1
2019/03/19,4032.691895,4082.216064,4023.8125,4071.190186,9344919956,43,NEGATIVE,0
2019/03/20,4070.793945,4089.461914,4031.11084,4087.476318,10175916388,30,POSITIVE,-1
2019/03/21,4083.953857,4097.359863,4005.151367,4029.326904,10831212662,38,POSITIVE,0
2019/03/22,4028.514648,4053.906738,4021.54248,4023.968262,9252935969,31,NEGATIVE,0
2019/03/23,4022.713379,4049.882568,4015.9646,4035.826416,9578850549,9,NEGATIVE,0
2019/03/24,4035.163574,4040.699707,4006.192871,4022.168213,9144851065,9,NEGATIVE,-1
2019/03/25,4024.112793,4038.84082,3934.03125,3963.070557,10359818883,39,NEGATIVE,0
2019/03/26,3969.22876,3985.080811,3944.753174,3985.080811,10707678815,44,NEGATIVE,1
2019/03/27,3984.244873,4087.066162,3977.810547,4087.066162,10897131934,41,NEGATIVE,0
2019/03/28,4087.584473,4094.9021,4040.266357,4069.107178,9353915899,42,NEGATIVE,0
2019/03/29,4068.299805,4113.500977,4034.097168,4098.374512,10918665557,29,NEGATIVE,0
2019/03/30,4092.13623,4296.806641,4053.909668,4106.660156,9732688060,12,NEGATIVE,0
2019/03/31,4105.456055,4113.023438,4094.10083,4105.404297,9045122443,9,POSITIVE,1
2019/04/01,4105.362305,4164.953125,4096.901367,4158.183105,10157794171,30,NEGATIVE,1
2019/04/02,4156.919434,4905.95459,4155.316895,4879.87793,21315047816,62,NEGATIVE,1
2019/04/03,4879.958008,5307.003418,4876.621094,4973.021973,22899891582,44,NEGATIVE,-1
2019/04/04,4971.307617,5063.159668,4836.793945,4922.798828,18251810240,45,NEGATIVE,1
2019/04/05,4922.806152,5053.509766,4919.491699,5036.681152,16837325387,36,NEGATIVE,0
2019/04/06,5036.792969,5205.821777,4992.222168,5059.817383,16929795194,12,NEGATIVE,1
2019/04/07,5062.793945,5235.186523,5050.412109,5198.896973,16655416140,11,NEGATIVE,1
2019/04/08,5199.835449,5318.836426,5148.211914,5289.770996,17154113634,26,NEGATIVE,-1
2019/04/09,5289.917969,5289.917969,5167.418945,5204.958496,14722104361,52,NEGATIVE,1
2019/04/10,5204.105469,5421.651367,5193.382324,5324.551758,15504590933,33,NEGATIVE,-1
2019/04/11,5325.081543,5354.225586,5017.296387,5064.487793,16555616019,37,NEGATIVE,0
2019/04/12,5061.200684,5103.274414,4955.852539,5089.539063,13675206312,28,NEGATIVE,0
2019/04/13,5088.850098,5127.12207,5061.589355,5096.586426,10823289598,3,NEGATIVE,1
2019/04/14,5095.758789,5184.016113,5053.568359,5167.722168,10391952498,8,NEGATIVE,-1
2019/04/15,5167.321777,5196.606934,5024.069336,5067.108398,12290155061,33,NEGATIVE,1
2019/04/16,5066.577637,5238.945313,5055.194824,5235.55957,11618660197,48,NEGATIVE,0
2019/04/17,5236.135254,5274.275391,5219.205566,5251.937988,12438480677,41,NEGATIVE,1
2019/04/18,5251.480469,5319.986328,5250.506836,5298.385742,13256489918,44,NEGATIVE,0
2019/04/19,5298.154297,5336.680176,5233.334961,5303.8125,13780238655,34,NEGATIVE,0
2019/04/20,5304.160645,5358.490723,5295.87793,5337.88623,13169647522,9,NEGATIVE,0
2019/04/21,5335.878906,5359.924805,5257.339355,5314.53125,13731844223,12,NEGATIVE,1
2019/04/22,5312.494629,5422.6875,5280.276855,5399.365234,14601631648,30,NEGATIVE,1
2019/04/23,5399.365723,5633.802246,5389.408691,5572.362305,15867308108,55,NEGATIVE,-1
2019/04/24,5571.508301,5642.044434,5418.263184,5464.866699,17048033399,38,NEGATIVE,-1
2019/04/25,5466.524414,5542.238281,5181.338867,5210.515625,15330283408,52,NEGATIVE,1
2019/04/26,5210.304688,5383.634277,5177.368652,5279.348145,16812108040,26,NEGATIVE,0
2019/04/27,5279.471191,5310.75,5233.635742,5268.291016,13111274675,14,NEGATIVE,0
2019/04/28,5271.746582,5326.231934,5255.683594,5285.13916,12819992056,13,NEGATIVE,0
2019/04/29,5284.858398,5311.274902,5216.487793,5247.352539,13735490672,44,NEGATIVE,1
2019/04/30,5247.726074,5363.257324,5224.189941,5350.726563,13878964574,43,NEGATIVE,1
2019/05/01,5350.914551,5418.003906,5347.645996,5402.697266,13679528236,33,NEGATIVE,1
2019/05/02,5402.422852,5522.262695,5394.217285,5505.283691,14644460907,24,NEGATIVE,1
2019/05/03,5505.552246,5865.881836,5490.20166,5768.289551,18720780006,37,NEGATIVE,1
2019/05/04,5769.202637,5886.893555,5645.469238,5831.16748,17567780766,8,NEGATIVE,0
2019/05/05,5831.068359,5833.862793,5708.035156,5795.708496,14808830723,12,NEGATIVE,0
2019/05/06,5791.693359,5802.95752,5653.6875,5746.807129,15737171804,33,NEGATIVE,1
2019/05/07,5745.599121,5988.178223,5741.395996,5829.501465,18026409033,33,NEGATIVE,1
2019/05/08,5849.481445,5989.980957,5794.71582,5982.45752,15320605300,69,NEGATIVE,1
2019/05/09,5982.316406,6183.039063,5982.316406,6174.528809,16784645411,44,NEGATIVE,1
2019/05/10,6175.822754,6434.617676,6161.519043,6378.849121,19419875368,40,POSITIVE,1
2019/05/11,6379.666992,7333.00293,6375.69873,7204.771484,28867562329,13,NEGATIVE,-1
2019/05/12,7203.507324,7503.87207,6815.770996,6972.371582,27773333680,17,NEGATIVE,1
2019/05/13,6971.178223,8047.413086,6898.282227,7814.915039,28677672181,53,NEGATIVE,1
2019/05/14,7807.884277,8268.712891,7696.391113,7994.416016,32031452227,53,NEGATIVE,1
2019/05/15,7989.374512,8216.423828,7899.106934,8205.167969,28344112920,40,NEGATIVE,-1
2019/05/16,8194.500977,8320.824219,7729.608398,7884.90918,33167197581,38,NEGATIVE,-1
2019/05/17,7886.925781,7929.145508,7038.124512,7343.895508,30066644905,36,NEGATIVE,-1
2019/05/18,7341.664551,7447.271973,7251.504395,7271.208008,21354286562,14,NEGATIVE,1
2019/05/19,7267.962891,8261.941406,7267.962891,8197.689453,25902422040,9,NEGATIVE,-1
2019/05/20,8196.923828,8200.967773,7678.781738,7978.309082,23843404340,42,NEGATIVE,0
2019/05/21,7977.969238,8062.167969,7843.339844,7963.327637,25127245056,43,NEGATIVE,-1
2019/05/22,7956.291992,7997.612305,7615.987305,7680.066406,24719473175,39,NEGATIVE,1
2019/05/23,7677.269043,7943.791504,7533.196777,7881.84668,24457107820,56,NEGATIVE,1
2019/05/24,7881.695313,8140.719727,7824.44873,7987.371582,25919126991,33,NEGATIVE,0
2019/05/25,7991.885254,8117.925781,7965.976074,8052.543945,22256813107,11,NEGATIVE,1
2019/05/26,8055.206055,8687.520508,7924.67041,8673.21582,26677970091,10,POSITIVE,1
2019/05/27,8674.072266,8907.174805,8668.705078,8805.77832,27949839564,32,NEGATIVE,-1
2019/05/28,8802.757813,8807.016602,8634.72168,8719.961914,24226919267,40,NEGATIVE,0
2019/05/29,8718.591797,8755.852539,8482.728516,8659.487305,23473479966,32,NEGATIVE,-1
2019/05/30,8661.760742,9008.314453,8221.273438,8319.472656,29246528551,43,NEGATIVE,1
2019/05/31,8320.286133,8586.65918,8172.550781,8574.501953,25365190957,30,NEGATIVE,0
2019/06/01,8573.839844,8625.600586,8481.578125,8564.016602,22488303544,4,NEGATIVE,1
2019/06/02,8565.473633,8809.303711,8561.235352,8742.958008,20266216022,15,NEGATIVE,-1
2019/06/03,8741.74707,8743.5,8204.185547,8208.995117,22004511436,55,NEGATIVE,-1
2019/06/04,8210.985352,8210.985352,7564.48877,7707.770996,24609731549,31,NEGATIVE,1
2019/06/05,7704.343262,7901.849121,7668.668457,7824.231445,21760923463,38,NEGATIVE,0
2019/06/06,7819.633301,7937.34082,7571.471191,7822.023438,19474611077,37,NEGATIVE,1
2019/06/07,7826.901367,8126.15332,7788.373535,8043.951172,19141423231,38,NEGATIVE,-1
2019/06/08,8036.774902,8076.891113,7837.61084,7954.12793,16522722810,19,NEGATIVE,-1
2019/06/09,7949.674805,7975.974121,7583.219727,7688.077148,16610726547,15,NEGATIVE,1
2019/06/10,7692.284668,8031.909668,7586.730957,8000.32959,18689275117,36,POSITIVE,-1
2019/06/11,8004.243652,8026.394043,7772.803711,7927.714355,17107279932,34,NEGATIVE,1
2019/06/12,7925.434082,8196.648438,7862.359863,8145.857422,19034432883,35,NEGATIVE,1
2019/06/13,8145.54541,8311.567383,8087.061035,8230.923828,18669407147,43,NEGATIVE,1
2019/06/14,8230.898438,8710.636719,8183.393066,8693.833008,19831162906,47,NEGATIVE,1
2019/06/15,8689.746094,8859.12793,8618.395508,8838.375,18371033226,6,NEGATIVE,1
2019/06/16,8841.44043,9335.867188,8814.556641,8994.488281,23348550311,10,NEGATIVE,1
2019/06/17,8988.923828,9416.407227,8988.923828,9320.352539,15562951919,33,POSITIVE,-1
2019/06/18,9335.466797,9348.374023,9004.901367,9081.762695,15848210536,92,NEGATIVE,1
2019/06/19,9078.727539,9299.621094,9070.395508,9273.521484,15546809946,59,NEGATIVE,1
2019/06/20,9273.060547,9594.419922,9232.484375,9527.160156,17846823784,48,NEGATIVE,1
2019/06/21,9525.074219,10144.55664,9525.074219,10144.55664,20624008643,40,NEGATIVE,1
2019/06/22,10175.92383,11157.3457,10107.03516,10701.69141,29995204861,12,NEGATIVE,1
2019/06/23,10696.69141,11246.14453,10556.0957,10855.37109,20998326502,21,NEGATIVE,1
2019/06/24,10853.74414,11065.89648,10610.42773,11011.10254,19271652365,32,NEGATIVE,1
2019/06/25,11007.20215,11790.91699,11007.20215,11790.91699,24879684533,54,NEGATIVE,1
2019/06/26,11778.58106,13796.48926,11755.59766,13016.23145,45105733173,64,NEGATIVE,-1
2019/06/27,13017.125,13311.14453,10491.85254,11182.80664,39977475223,47,NEGATIVE,1
2019/06/28,11162.16797,12445.17481,10914.49512,12407.33203,35087757766,51,NEGATIVE,-1
2019/06/29,12400.76367,12400.91016,11508.37891,11959.37109,29923961128,15,NEGATIVE,-1
2019/06/30,11931.99121,12178.38379,10799.00879,10817.15527,27256473494,20,NEGATIVE,-1
2019/07/01,10796.93066,11206.43945,10089.31445,10583.13477,29378589324,41,NEGATIVE,1
2019/07/02,10588.68359,10912.18848,9737.884766,10801.67773,31015895223,37,NEGATIVE,1
2019/07/03,10818.15625,11968.07813,10818.15625,11961.26953,30796494294,34,NEGATIVE,-1
2019/07/04,11972.71875,12006.0752,11166.56934,11215.4375,25920294033,23,NEGATIVE,-1
2019/07/05,11203.10254,11395.66113,10874.96484,10978.45996,23838480210,34,NEGATIVE,1
2019/07/06,10982.54395,11620.96484,10982.54395,11208.55078,21092024306,5,NEGATIVE,1
2019/07/07,11217.61621,11541.62012,11148.80469,11450.84668,19369044277,10,POSITIVE,1
2019/07/08,11446.59668,12345.83301,11393.37402,12285.95801,23482551458,36,NEGATIVE,1
2019/07/09,12284.32617,12779.13184,12233.26172,12573.8125,28167921523,36,NEGATIVE,-1
2019/07/10,12571.53711,13129.5293,11710.97852,12156.5127,33627574244,48,NEGATIVE,-1
2019/07/11,12139.71387,12144.62305,11158.92285,11358.66211,28595327690,55,NEGATIVE,1
2019/07/12,11354.29981,11905.48731,11179.14453,11815.98633,23534692797,58,NEGATIVE,-1
2019/07/13,11813.12695,11841.95703,10908.47949,11392.37891,21042616384,14,NEGATIVE,-1
2019/07/14,11381.02051,11451.2041,10234.57617,10256.05859,22486000001,14,NEGATIVE,1
2019/07/15,10257.83887,11052.7666,9992.006836,10895.08984,25384047207,36,NEGATIVE,-1
2019/07/16,10896.65332,10996.63281,9448.106445,9477.641602,24151199070,45,NEGATIVE,1
2019/07/17,9471.213867,9963.134766,9163.134766,9693.802734,24569921549,45,NEGATIVE,1
2019/07/18,9698.50293,10736.84277,9376.798828,10666.48242,25187024648,37,NEGATIVE,-1
2019/07/19,10653.95606,10716.98047,10229.62891,10530.73242,20727426310,33,NEGATIVE,1
2019/07/20,10525.81934,11048.66211,10451.27637,10767.13965,20206615155,17,NEGATIVE,-1
2019/07/21,10777.5293,10841.8877,10389.59961,10599.10547,17130580467,17,NEGATIVE,-1
2019/07/22,10596.94824,10651.79102,10154.92188,10343.10645,16334414913,32,NEGATIVE,-1
2019/07/23,10346.74805,10346.74805,9883.594727,9900.767578,17851916995,43,NEGATIVE,0
2019/07/24,9887.730469,9908.796875,9614.306641,9811.925781,17398734322,38,NEGATIVE,1
2019/07/25,9809.09668,10154.25391,9773.957031,9911.841797,15821952090,43,NEGATIVE,0
2019/07/26,9913.126953,9916.517578,9717.982422,9870.303711,14495714483,38,NEGATIVE,-1
2019/07/27,9871.165039,10167.32031,9411.521484,9477.677734,16817809536,17,NEGATIVE,0
2019/07/28,9491.626953,9575.544922,9252.296875,9552.860352,13738687093,12,NEGATIVE,0
2019/07/29,9548.178711,9681.648438,9472.948242,9519.145508,13791445323,44,NEGATIVE,1
2019/07/30,9522.329102,9701.759766,9437.335938,9607.423828,13829811132,39,NEGATIVE,1
2019/07/31,9604.050781,10085.62793,9598.097656,10085.62793,16631520648,48,NEGATIVE,1
2019/08/01,10077.44238,10446.91992,9922.019531,10399.66895,17165337858,45,NEGATIVE,1
2019/08/02,10402.04297,10657.95313,10371.01367,10518.17481,17489094082,34,NEGATIVE,1
2019/08/03,10519.27832,10946.78125,10503.50488,10821.72656,15352685061,12,POSITIVE,1
2019/08/04,10821.63281,11009.20703,10620.27832,10970.18457,16530894787,12,POSITIVE,1
2019/08/05,10960.73535,11895.0918,10960.73535,11805.65332,23875988832,37,NEGATIVE,-1
2019/08/06,11811.54492,12273.82129,11290.73145,11478.16895,23635107660,30,NEGATIVE,1
2019/08/07,11476.19336,12036.99023,11433.70117,11941.96875,22194988641,46,NEGATIVE,0
2019/08/08,11954.04004,11979.41992,11556.16797,11966.40723,19481591730,35,NEGATIVE,0
2019/08/09,11953.46973,11970.45801,11709.74512,11862.93652,18339989960,24,NEGATIVE,-1
2019/08/10,11861.55664,11915.65527,11323.89844,11354.02441,18125355447,12,NEGATIVE,1
2019/08/11,11349.74023,11523.5791,11248.29492,11523.5791,15774371518,7,NEGATIVE,-1
2019/08/12,11528.18945,11528.18945,11320.95117,11382.61621,13647198229,41,NEGATIVE,-1
2019/08/13,11385.05273,11420.04981,10830.32715,10895.83008,16681503537,40,NEGATIVE,-1
2019/08/14,10889.48731,10889.55664,10028.13574,10051.7041,19990838300,34,NEGATIVE,1
2019/08/15,10038.42188,10437.41113,9675.316406,10311.5459,22899115082,39,NEGATIVE,0
2019/08/16,10319.41992,10524.34961,9855.478516,10374.33887,20228207096,20,POSITIVE,-1
2019/08/17,10358.72266,10452.625,10086.69824,10231.74414,13778035685,6,POSITIVE,1
2019/08/18,10233.00586,10487.07031,10119.09473,10345.81055,12999813869,12,NEGATIVE,1
2019/08/19,10350.2832,10916.05371,10313.2041,10916.05371,16038264603,43,NEGATIVE,-1
2019/08/20,10916.34668,10947.04199,10618.96094,10763.23242,15053082175,25,POSITIVE,-1
2019/08/21,10764.57227,10798.72949,9962.72168,10138.04981,19473084768,44,NEGATIVE,0
2019/08/22,10142.52148,10232.99609,9831.462891,10131.05566,17097508856,33,NEGATIVE,1
2019/08/23,10136.30957,10442.44336,10078.19238,10407.96484,15627023886,31,NEGATIVE,-1
2019/08/24,10407.64453,10418.02051,9982.296875,10159.96094,15451030650,12,NEGATIVE,0
2019/08/25,10160.73731,10304.62207,10008.78906,10138.51758,14153856610,16,POSITIVE,1
2019/08/26,10126.29981,10512.32813,10126.29981,10370.82031,18438654080,40,NEGATIVE,-1
2019/08/27,10372.82617,10381.32813,10087.30078,10185.5,14762609503,49,NEGATIVE,-1
2019/08/28,10203.42676,10279.36621,9716.65625,9754.422852,17603790323,34,NEGATIVE,-1
2019/08/29,9756.786133,9756.786133,9421.629883,9510.200195,17045878501,44,NEGATIVE,1
2019/08/30,9514.844727,9656.124023,9428.302734,9598.173828,13595263986,22,NEGATIVE,0
2019/08/31,9597.539063,9673.220703,9531.799805,9630.664063,11454806419,14,NEGATIVE,1
2019/09/01,9630.592773,9796.755859,9582.944336,9757.970703,11445355859,13,NEGATIVE,1
2019/09/02,9757.473633,10396.5918,9730.650391,10346.76074,17248102294,34,NEGATIVE,1
2019/09/03,10345.72559,10736.10449,10308.54785,10623.54004,19384917989,32,NEGATIVE,0
2019/09/04,10621.18066,10762.64453,10434.70996,10594.49316,16742664769,37,NEGATIVE,0
2019/09/05,10588.18359,10627.26953,10516.41797,10575.5332,14551239508,32,NEGATIVE,-1
2019/09/06,10578.19824,10898.76172,10292.29981,10353.30273,19536574783,30,POSITIVE,1
2019/09/07,10353.93164,10558.67383,10348.91895,10517.25488,15307366476,8,NEGATIVE,0
2019/09/08,10518.11426,10595.6377,10409.09082,10441.27637,13670567493,7,NEGATIVE,-1
2019/09/09,10443.22852,10450.31152,10144.92969,10334.97461,17595943368,31,NEGATIVE,-1
2019/09/10,10336.4082,10394.35352,10020.57324,10115.97559,14906809639,30,NEGATIVE,0
2019/09/11,10123.03516,10215.94824,9980.776367,10178.37207,15428063426,21,POSITIVE,1
2019/09/12,10176.81934,10442.25391,10099.24219,10410.12695,15323563925,37,NEGATIVE,0
2019/09/13,10415.36231,10441.48926,10226.59668,10360.54688,14109864675,26,NEGATIVE,0
2019/09/14,10345.40332,10422.13379,10291.69434,10358.04883,13468713124,7,NEGATIVE,0
2019/09/15,10356.46582,10387.03516,10313.09277,10347.71289,12043433567,8,POSITIVE,0
2019/09/16,10347.22266,10386.86719,10189.74414,10276.79395,15160167779,28,NEGATIVE,0
2019/09/17,10281.51367,10296.77148,10199.73926,10241.27246,15304603363,40,NEGATIVE,0
2019/09/18,10247.7959,10275.92871,10191.46973,10198.24805,16169268880,35,NEGATIVE,0
2019/09/19,10200.49609,10295.66895,9851.692383,10266.41504,19937691247,48,NEGATIVE,-1
2019/09/20,10266.31836,10285.87207,10132.18652,10181.6416,14734189639,33,NEGATIVE,-1
2019/09/21,10183.64844,10188.09766,10000.70801,10019.7168,13425266806,9,NEGATIVE,0
2019/09/22,10024.11523,10074.44434,9922.533203,10070.39258,13199651698,7,POSITIVE,-1
2019/09/23,10067.96289,10074.23828,9727.143555,9729.324219,15144925408,36,NEGATIVE,-1
2019/09/24,9729.321289,9804.317383,8370.801758,8620.566406,25002886689,42,NEGATIVE,-1
2019/09/25,8603.428711,8744.828125,8325.396484,8486.993164,21744728353,47,NEGATIVE,-1
2019/09/26,8487.669922,8515.685547,7895.629395,8118.967773,19258205289,35,POSITIVE,1
2019/09/27,8113.101074,8271.520508,7965.922852,8251.845703,16408941156,19,NEGATIVE,0
2019/09/28,8251.273438,8285.617188,8125.431641,8245.915039,14141152736,12,NEGATIVE,-1
2019/09/29,8246.037109,8261.707031,7990.49707,8104.185547,13034629109,14,NEGATIVE,1
2019/09/30,8104.226563,8314.231445,7830.758789,8293.868164,17115474183,41,NEGATIVE,0
2019/10/01,8299.720703,8497.692383,8232.679688,8343.276367,15305343413,38,NEGATIVE,0
2019/10/02,8344.212891,8393.041992,8227.695313,8393.041992,13125712443,36,NEGATIVE,-1
2019/10/03,8390.774414,8414.227539,8146.437012,8259.992188,13668823409,36,NEGATIVE,0
2019/10/04,8259.494141,8260.055664,8151.236816,8205.939453,13139456229,38,NEGATIVE,0
2019/10/05,8210.149414,8215.526367,8071.120605,8151.500488,12200497197,14,NEGATIVE,-1
2019/10/06,8149.876953,8161.410156,7958.850586,7988.155762,13160830305,8,POSITIVE,1
2019/10/07,7989.120605,8308.450195,7905.766113,8245.623047,18009742607,37,NEGATIVE,0
2019/10/08,8246.849609,8332.714844,8185.763184,8228.783203,15592264032,37,NEGATIVE,1
2019/10/09,8229.84082,8627.706055,8169.298828,8595.740234,19384942333,48,NEGATIVE,0
2019/10/10,8585.280273,8625.272461,8471.933594,8586.473633,17618660671,32,NEGATIVE,-1
2019/10/11,8585.262695,8721.780273,8316.181641,8321.756836,19604381101,32,NEGATIVE,0
2019/10/12,8315.665039,8415.242188,8313.34082,8336.555664,14532641605,9,NEGATIVE,0
2019/10/13,8336.902344,8470.988281,8276.612305,8321.005859,13808286059,9,NEGATIVE,0
2019/10/14,8320.832031,8390.208984,8284.130859,8374.686523,15151387859,26,NEGATIVE,-1
2019/10/15,8373.458008,8410.714844,8182.706543,8205.369141,15220412632,39,NEGATIVE,-1
2019/10/16,8204.674805,8216.8125,7985.089844,8047.526855,16071646996,41,NEGATIVE,0
2019/10/17,8047.8125,8134.831543,8000.942871,8103.911133,14313052244,35,NEGATIVE,-1
2019/10/18,8100.933594,8138.413574,7902.164063,7973.20752,15651592610,47,NEGATIVE,0
2019/10/19,7973.803711,8082.629395,7944.776855,7988.560547,13797825640,15,POSITIVE,1
2019/10/20,7997.807129,8281.818359,7949.439453,8222.078125,15504249442,14,NEGATIVE,0
2019/10/21,8225.115234,8296.694336,8196.416016,8243.720703,15868748866,38,NEGATIVE,-1
2019/10/22,8243.402344,8296.651367,8074.462891,8078.203125,16803377857,28,POSITIVE,-1
2019/10/23,8076.228516,8092.999512,7469.322754,7514.671875,21942878958,33,NEGATIVE,0
2019/10/24,7509.728027,7532.867676,7446.98877,7493.48877,16268708849,32,NEGATIVE,1
2019/10/25,7490.703125,8691.540039,7479.984375,8660.700195,28705065488,31,NEGATIVE,1
2019/10/26,8667.577148,10021.74414,8662.62207,9244.972656,44496255609,11,NEGATIVE,1
2019/10/27,9241.707031,9749.529297,9112.541992,9551.714844,32593129501,14,NEGATIVE,-1
2019/10/28,9565.101563,9805.118164,9256.148438,9256.148438,30948255332,34,NEGATIVE,1
2019/10/29,9248.44043,9516.180664,9232.648438,9427.6875,28426779937,36,NEGATIVE,-1
2019/10/30,9422.462891,9426.874023,9085.370117,9205.726563,27706531577,36,NEGATIVE,0
2019/10/31,9202.458008,9383.161133,9028.717773,9199.584961,26583653947,31,NEGATIVE,0
2019/11/01,9193.992188,9275.657227,9132.047852,9261.104492,24324691031,34,NEGATIVE,0
2019/11/02,9259.783203,9377.486328,9249.587891,9324.717773,21242676385,8,POSITIVE,-1
2019/11/03,9324.787109,9379.806641,9141.251953,9235.354492,21132220847,19,NEGATIVE,1
2019/11/04,9235.607422,9505.051758,9191.485352,9412.612305,26170255634,49,NEGATIVE,0
2019/11/05,9413.004883,9457.417969,9256.931641,9342.527344,26198609048,41,NEGATIVE,0
2019/11/06,9340.864258,9423.237305,9305.90918,9360.879883,23133895765,36,NEGATIVE,-1
2019/11/07,9352.393555,9368.476563,9202.353516,9267.561523,22700383839,34,NEGATIVE,-1
2019/11/08,9265.368164,9272.759766,8775.53418,8804.880859,24333037836,29,NEGATIVE,0
2019/11/09,8809.46875,8891.818359,8793.163086,8813.582031,17578630606,17,NEGATIVE,1
2019/11/10,8812.489258,9103.826172,8806.162109,9055.526367,20587919881,12,POSITIVE,-1
2019/11/11,9056.917969,9081.279297,8700.608398,8757.788086,20265510765,33,NEGATIVE,0
2019/11/12,8759.751953,8853.768555,8685.427734,8815.662109,20309769107,41,NEGATIVE,0
2019/11/13,8812.033203,8836.841797,8761.651367,8808.262695,17545755405,41,POSITIVE,-1
2019/11/14,8811.936523,8826.943359,8692.551758,8708.094727,19084739975,53,POSITIVE,-1
2019/11/15,8705.708008,8730.873047,8484.84375,8491.992188,21796856471,31,NEGATIVE,0
2019/11/16,8491.166016,8591.99707,8473.973633,8550.760742,16495389808,17,NEGATIVE,0
2019/11/17,8549.470703,8727.789063,8500.967773,8577.975586,18668638897,15,NEGATIVE,-1
2019/11/18,8573.980469,8653.280273,8273.573242,8309.286133,21579470673,36,NEGATIVE,-1
2019/11/19,8305.134766,8408.516602,8099.963379,8206.145508,21083613816,36,NEGATIVE,-1
2019/11/20,8203.613281,8237.240234,8010.511719,8027.268066,20764300437,45,NEGATIVE,-1
2019/11/21,8023.644531,8110.098145,7597.381836,7642.75,22514243371,47,NEGATIVE,-1
2019/11/22,7643.569336,7697.382813,6936.706543,7296.577637,34242315785,45,NEGATIVE,1
2019/11/23,7296.164551,7442.258789,7151.417969,7397.796875,21008924418,13,NEGATIVE,-1
2019/11/24,7398.633789,7408.577148,7029.289063,7047.916992,30433517289,20,NEGATIVE,1
2019/11/25,7039.977051,7319.856934,6617.166992,7146.133789,42685231262,36,NEGATIVE,1
2019/11/26,7145.15918,7320.230469,7098.572266,7218.371094,21129505542,39,NEGATIVE,1
2019/11/27,7220.880859,7619.693359,6974.174316,7531.663574,23991412764,30,NEGATIVE,-1
2019/11/28,7536.820313,7730.072754,7454.121582,7463.105957,19050116751,33,NEGATIVE,1
2019/11/29,7466.727051,7781.179688,7460.756348,7761.243652,19709695456,30,NEGATIVE,-1
2019/11/30,7764.057129,7836.102051,7515.849609,7569.629883,17158194786,14,NEGATIVE,-1
2019/12/01,7571.616211,7571.616211,7291.341797,7424.29248,18720708479,9,POSITIVE,-1
2019/12/02,7424.036133,7474.818848,7233.399414,7321.988281,17082040706,45,NEGATIVE,0
2019/12/03,7323.975586,7418.858887,7229.356934,7320.145508,14797485769,47,NEGATIVE,-1
2019/12/04,7320.125,7539.784668,7170.922852,7252.034668,21664240918,43,NEGATIVE,1
2019/12/05,7253.241699,7743.431641,7232.676758,7448.307617,18816085231,32,NEGATIVE,1
2019/12/06,7450.561523,7546.996582,7392.175293,7546.996582,18104466307,32,NEGATIVE,0
2019/12/07,7547.265625,7589.95166,7525.711426,7556.237793,15453520564,10,NEGATIVE,0
2019/12/08,7551.338867,7634.606445,7476.091309,7564.345215,15409908086,9,NEGATIVE,-1
2019/12/09,7561.79541,7618.091797,7365.985352,7400.899414,17872021272,37,NEGATIVE,-1
2019/12/10,7397.134277,7424.022949,7246.043945,7278.119629,18249031195,30,NEGATIVE,-1
2019/12/11,7277.197754,7324.15625,7195.527344,7217.427246,16350490689,40,NEGATIVE,0
2019/12/12,7216.73877,7266.639648,7164.741211,7243.134277,18927080224,38,NEGATIVE,0
2019/12/13,7244.662109,7293.560547,7227.122559,7269.68457,17125736940,28,POSITIVE,-1
2019/12/14,7268.902832,7308.836426,7097.208984,7124.673828,17137029730,8,POSITIVE,0
2019/12/15,7124.239746,7181.075684,6924.375977,7152.301758,16881129804,19,NEGATIVE,-1
2019/12/16,7153.663086,7171.168945,6903.682617,6932.480469,20213265950,32,NEGATIVE,-1
2019/12/17,6931.31543,6964.075195,6587.974121,6640.515137,22363804217,34,NEGATIVE,1
2019/12/18,6647.698242,7324.984863,6540.049316,7276.802734,31836522778,39,NEGATIVE,-1
2019/12/19,7277.59082,7346.602539,7041.381836,7202.844238,25904604416,21,NEGATIVE,0
2019/12/20,7208.636719,7257.921875,7086.124023,7218.816406,22633815180,34,NEGATIVE,0
2019/12/21,7220.59375,7223.226074,7112.73584,7191.158691,19312552168,15,POSITIVE,1
2019/12/22,7191.188477,7518.033203,7167.179199,7511.588867,23134537956,8,NEGATIVE,-1
2019/12/23,7508.902344,7656.17627,7326.192383,7355.628418,27831788041,26,NEGATIVE,0
2019/12/24,7354.393066,7535.716797,7269.528809,7322.532227,22991622105,22,POSITIVE,0
2019/12/25,7325.755859,7357.02002,7220.991211,7275.155762,21559505149,9,NEGATIVE,0
2019/12/26,7274.799316,7388.302734,7200.386719,7238.966797,22787010034,12,POSITIVE,0
2019/12/27,7238.141113,7363.529297,7189.934082,7290.088379,22777360996,21,NEGATIVE,0
2019/12/28,7289.03125,7399.041016,7286.905273,7317.990234,21365673026,3,POSITIVE,1
2019/12/29,7317.647461,7513.948242,7279.865234,7422.652832,22445257702,6,NEGATIVE,-1
2019/12/30,7420.272949,7454.824219,7276.308105,7292.995117,22874131672,22,NEGATIVE,-1
2019/12/31,7294.438965,7335.290039,7169.777832,7193.599121,21167946112,21,NEGATIVE,0
2020/01/01,7194.89209,7254.330566,7174.944336,7200.174316,18565664997,10,NEGATIVE,-1
2020/01/02,7202.55127,7212.155273,6935.27002,6985.470215,20802083465,30,POSITIVE,1
2020/01/03,6984.428711,7413.715332,6914.996094,7344.884277,28111481032,19,NEGATIVE,1
2020/01/04,7345.375488,7427.385742,7309.51416,7410.656738,18444271275,7,NEGATIVE,0
2020/01/05,7410.45166,7544.49707,7400.535645,7411.317383,19725074095,9,NEGATIVE,1
2020/01/06,7410.452148,7781.867188,7409.292969,7769.219238,23276261598,33,NEGATIVE,1
2020/01/07,7768.682129,8178.21582,7768.227539,8163.692383,28767291327,34,NEGATIVE,-1
2020/01/08,8161.935547,8396.738281,7956.774414,8079.862793,31672559265,27,NEGATIVE,-1
2020/01/09,8082.295898,8082.295898,7842.403809,7879.071289,24045990466,30,POSITIVE,1
2020/01/10,7878.307617,8166.554199,7726.774902,8166.554199,28714583844,26,NEGATIVE,-1
2020/01/11,8162.190918,8218.359375,8029.64209,8037.537598,25521165085,9,NEGATIVE,1
2020/01/12,8033.261719,8200.063477,8009.059082,8192.494141,22903438381,8,NEGATIVE,0
2020/01/13,8189.771973,8197.788086,8079.700684,8144.194336,22482910688,36,NEGATIVE,1
2020/01/14,8140.933105,8879.511719,8140.933105,8827.764648,44841784107,47,NEGATIVE,0
2020/01/15,8825.34375,8890.117188,8657.1875,8807.010742,40102834650,48,POSITIVE,-1
2020/01/16,8812.481445,8846.460938,8612.095703,8723.786133,31313981931,57,NEGATIVE,1
2020/01/17,8725.209961,8958.12207,8677.316406,8929.038086,36372139320,28,NEGATIVE,0
2020/01/18,8927.211914,9012.198242,8827.332031,8942.808594,32337772627,15,POSITIVE,-1
2020/01/19,8941.445313,9164.362305,8620.080078,8706.245117,34217320471,15,NEGATIVE,0
2020/01/20,8704.631836,8745.59082,8560.473633,8657.642578,26422375678,29,NEGATIVE,1
2020/01/21,8658.991211,8755.706055,8544.520508,8745.894531,24097418512,47,NEGATIVE,0
2020/01/22,8744.210938,8792.994141,8636.74707,8680.875977,22600204051,39,NEGATIVE,-1
2020/01/23,8680.650391,8687.74707,8333.637695,8406.515625,25770680779,31,NEGATIVE,0
2020/01/24,8405.567383,8514.666992,8266.84082,8445.43457,24397913026,43,NEGATIVE,-1
2020/01/25,8440.119141,8458.453125,8296.21875,8367.847656,19647331549,14,NEGATIVE,1
2020/01/26,8364.410156,8602.401367,8325.498047,8596.830078,22177678796,12,NEGATIVE,1
2020/01/27,8597.308594,8977.726563,8597.308594,8909.819336,28647338393,39,NEGATIVE,1
2020/01/28,8912.524414,9358.589844,8908.447266,9358.589844,34398744403,25,NEGATIVE,0
2020/01/29,9357.470703,9406.431641,9269.467773,9316.629883,30682598115,47,NEGATIVE,1
2020/01/30,9316.016602,9553.125977,9230.897461,9508.993164,32378792851,23,NEGATIVE,-1
2020/01/31,9508.313477,9521.706055,9230.776367,9350.529297,29432489719,19,NEGATIVE,0
2020/02/01,9346.357422,9439.323242,9313.239258,9392.875,25922656496,10,POSITIVE,0
2020/02/02,9389.820313,9468.797852,9217.824219,9344.365234,30835736946,10,POSITIVE,0
2020/02/03,9344.683594,9540.37207,9248.633789,9293.521484,30934096509,35,NEGATIVE,-1
2020/02/04,9292.841797,9331.265625,9112.811523,9180.962891,29893183716,34,POSITIVE,1
2020/02/05,9183.416016,9701.299805,9163.704102,9613.423828,35222060874,40,NEGATIVE,1
2020/02/06,9617.821289,9824.619141,9539.818359,9729.801758,37628823716,39,NEGATIVE,0
2020/02/07,9726.00293,9834.716797,9726.00293,9795.943359,34522718159,25,NEGATIVE,0
2020/02/08,9793.070313,9876.749023,9678.910156,9865.119141,35172043762,19,NEGATIVE,1
2020/02/09,9863.894531,10129.43555,9850.392578,10116.67383,35807884663,15,NEGATIVE,-1
2020/02/10,10115.55957,10165.76563,9784.563477,9856.611328,39386548075,38,NEGATIVE,1
2020/02/11,9855.891602,10210.05273,9729.334961,10208.23633,37648059389,52,NEGATIVE,1
2020/02/12,10202.3877,10393.61133,10202.3877,10326.05469,43444303830,42,NEGATIVE,-1
2020/02/13,10323.96094,10457.62695,10116.16113,10214.37988,49356071373,34,NEGATIVE,1
2020/02/14,10211.55078,10321.99609,10125.53418,10312.11621,43338264162,36,NEGATIVE,-1
2020/02/15,10313.85645,10341.55566,9874.427734,9889.424805,43865054831,10,NEGATIVE,0
2020/02/16,9889.179688,10053.96875,9722.386719,9934.433594,43374780305,17,NEGATIVE,-1
2020/02/17,9936.560547,9938.81543,9507.637695,9690.142578,45998298413,19,NEGATIVE,1
2020/02/18,9691.230469,10161.93555,9632.382813,10141.99609,47271023953,38,POSITIVE,-1
2020/02/19,10143.79883,10191.67578,9611.223633,9633.386719,46992019710,47,NEGATIVE,0
2020/02/20,9629.325195,9643.216797,9507.900391,9608.475586,44925260237,38,NEGATIVE,0
2020/02/21,9611.782227,9723.014648,9589.743164,9686.441406,40930547513,42,NEGATIVE,0
2020/02/22,9687.707031,9698.231445,9600.728516,9663.181641,35838025154,12,NEGATIVE,1
2020/02/23,9663.318359,9937.404297,9657.791016,9924.515625,41185185761,20,NEGATIVE,-1
2020/02/24,9921.583008,9951.746094,9537.042969,9650.174805,45080496648,43,NEGATIVE,-1
2020/02/25,9651.3125,9652.737305,9305.021484,9341.705078,42515259129,49,NEGATIVE,-1
2020/02/26,9338.290039,9354.77832,8704.426758,8820.522461,50420050762,33,NEGATIVE,0
2020/02/27,8825.09375,8932.892578,8577.199219,8784.494141,45470195695,27,NEGATIVE,-1
2020/02/28,8788.728516,8890.456055,8492.932617,8672.455078,44605450443,40,NEGATIVE,-1
2020/02/29,8671.212891,8775.631836,8599.508789,8599.508789,35792392544,13,NEGATIVE,0
2020/03/01,8599.758789,8726.796875,8471.212891,8562.454102,35349164300,19,NEGATIVE,1
2020/03/02,8563.264648,8921.308594,8532.630859,8869.669922,42857674409,31,NEGATIVE,-1
2020/03/03,8865.387695,8901.598633,8704.990234,8787.786133,42386715821,47,POSITIVE,0
2020/03/04,8788.541992,8843.366211,8712.431641,8755.246094,34746706368,56,NEGATIVE,1
2020/03/05,8760.285156,9142.054688,8757.253906,9078.762695,39698054597,51,NEGATIVE,0
2020/03/06,9078.308594,9167.695313,9032.079102,9122.545898,40826885651,32,POSITIVE,-1
2020/03/07,9121.600586,9163.220703,8890.744141,8909.954102,36216930370,12,NEGATIVE,-1
2020/03/08,8908.206055,8914.34375,8105.25293,8108.116211,39973102121,14,NEGATIVE,-1
2020/03/09,8111.146484,8177.793457,7690.098145,7923.644531,46936995808,43,NEGATIVE,0
2020/03/10,7922.146973,8136.945313,7814.763184,7909.729492,42213940994,37,NEGATIVE,0
2020/03/11,7910.089844,7950.814453,7642.8125,7911.430176,38682762605,30,NEGATIVE,-1
2020/03/12,7913.616211,7929.116211,4860.354004,4970.788086,53980357243,41,NEGATIVE,1
2020/03/13,5017.831055,5838.114746,4106.980957,5563.707031,74156772075,40,NEGATIVE,-1
2020/03/14,5573.077637,5625.226563,5125.069336,5200.366211,36154506008,17,NEGATIVE,1
2020/03/15,5201.066895,5836.64502,5169.283203,5392.314941,33997889639,15,NEGATIVE,-1
2020/03/16,5385.229492,5385.229492,4575.35791,5014.47998,45368026430,32,NEGATIVE,1
2020/03/17,5002.578125,5371.348633,4981.90918,5225.629395,38622642935,42,NEGATIVE,0
2020/03/18,5227.11377,5331.833984,5069.335938,5238.438477,37878801016,33,NEGATIVE,1
2020/03/19,5245.416504,6329.73584,5236.96875,6191.192871,51000731797,37,NEGATIVE,0
2020/03/20,6191.653809,6844.261719,5865.781738,6198.77832,54442976103,40,NEGATIVE,0
2020/03/21,6206.521484,6378.135254,5932.823242,6185.066406,42494390880,11,NEGATIVE,-1
2020/03/22,6185.558105,6359.697266,5823.713867,5830.254883,40099664740,15,NEGATIVE,1
2020/03/23,5831.374512,6443.93457,5785.004395,6416.314941,46491916000,30,POSITIVE,1
2020/03/24,6436.642578,6789.022949,6411.066406,6734.803711,48221910672,37,POSITIVE,-1
2020/03/25,6738.716797,6892.51123,6536.92627,6681.062988,44590107888,27,NEGATIVE,0
2020/03/26,6675.170898,6735.463867,6590.962891,6716.44043,35319797642,37,NEGATIVE,-1
2020/03/27,6719.38916,6793.836426,6466.70166,6469.79834,34585598367,34,NEGATIVE,-1
2020/03/28,6467.253906,6467.500977,6117.837891,6242.193848,34885225901,8,NEGATIVE,-1
2020/03/29,6245.624512,6250.467285,5920.085938,5922.042969,28373690931,17,NEGATIVE,1
2020/03/30,5925.538574,6517.195801,5903.234375,6429.841797,37101651525,31,NEGATIVE,0
2020/03/31,6430.606445,6504.515137,6374.162109,6438.644531,32786468812,50,NEGATIVE,1
2020/04/01,6437.319336,6612.57373,6202.373535,6606.776367,40346426266,34,NEGATIVE,1
2020/04/02,6606.776367,7088.247559,6595.918457,6793.624512,47660646124,39,NEGATIVE,-1
2020/04/03,6797.396484,7003.220703,6673.335938,6733.387207,38976504903,44,NEGATIVE,1
2020/04/04,6738.382813,6878.953613,6696.484863,6867.527344,33185988584,15,NEGATIVE,-1
2020/04/05,6862.537598,6883.414063,6715.929199,6791.129395,29510409856,15,NEGATIVE,1
2020/04/06,6788.049805,7271.78125,6782.889648,7271.78125,46896904615,38,NEGATIVE,-1
2020/04/07,7273.644043,7427.939453,7136.714355,7176.414551,44243482668,29,NEGATIVE,1
2020/04/08,7179.283203,7356.223633,7153.305664,7334.098633,37563249549,37,NEGATIVE,0
2020/04/09,7337.966309,7341.448242,7179.094238,7302.089355,34815139178,48,NEGATIVE,-1
2020/04/10,7303.81543,7303.81543,6802.475098,6865.493164,43622840992,22,POSITIVE,0
2020/04/11,6867.44043,6926.069824,6789.920898,6859.083008,31222085946,11,NEGATIVE,1
2020/04/12,6858.067871,7119.947266,6811.078125,6971.091797,35759567632,15,NEGATIVE,-1
2020/04/13,6965.616699,6965.616699,6668.259766,6845.037598,38619308647,32,NEGATIVE,0
2020/04/14,6843.281738,6958.557129,6793.821289,6842.427734,34110434052,39,NEGATIVE,-1
2020/04/15,6845.561523,6928.664551,6633.402832,6642.109863,32288311031,38,NEGATIVE,1
2020/04/16,6640.454102,7134.450684,6555.504395,7116.804199,46783242377,37,NEGATIVE,0
2020/04/17,7116.552734,7167.183105,7050.332031,7096.18457,32513423567,30,NEGATIVE,1
2020/04/18,7092.291504,7269.956543,7089.24707,7257.665039,32447188386,16,NEGATIVE,-1
2020/04/19,7260.922363,7280.521973,7167.054688,7189.424805,31311210215,19,NEGATIVE,-1
2020/04/20,7186.873535,7240.290527,6835.50293,6881.958496,37747113936,40,NEGATIVE,0
2020/04/21,6879.78418,6934.551758,6834.442383,6880.323242,32589741511,36,NEGATIVE,1
2020/04/22,6879.44043,7145.865723,6867.781738,7117.20752,33249153866,25,NEGATIVE,1
2020/04/23,7121.306152,7491.785156,7081.594727,7429.724609,43500782316,41,NEGATIVE,1
2020/04/24,7434.181641,7574.195801,7434.181641,7550.900879,34636526286,40,NEGATIVE,0
2020/04/25,7550.48291,7641.36377,7521.672363,7569.936035,32941541447,17,NEGATIVE,1
2020/04/26,7570.13916,7700.594238,7561.407715,7679.867188,33070154491,14,NEGATIVE,1
2020/04/27,7679.418945,7795.601074,7679.418945,7795.601074,36162144725,37,NEGATIVE,0
2020/04/28,7796.970215,7814.527344,7730.806641,7807.058594,33187959921,28,NEGATIVE,1
2020/04/29,7806.712402,8871.753906,7786.049316,8801.038086,60201052203,36,NEGATIVE,-1
2020/04/30,8797.669922,9440.650391,8533.255859,8658.553711,66964629541,39,NEGATIVE,1
2020/05/01,8672.782227,9048.023438,8667.763672,8864.766602,44068389997,32,NEGATIVE,1
2020/05/02,8869.057617,9007.1875,8811.366211,8988.59668,40134388683,11,POSITIVE,-1
2020/05/03,8983.614258,9167.78125,8830.97168,8897.46875,47101785174,13,NEGATIVE,0
2020/05/04,8895.745117,8956.90625,8645.024414,8912.654297,45718796276,28,NEGATIVE,1
2020/05/05,8912.832031,9062.415039,8856.827148,9003.070313,43148462663,30,NEGATIVE,1
2020/05/06,9007.441406,9411.467773,8966.706055,9268.761719,49371886931,40,POSITIVE,1
2020/05/07,9261.895508,9992.664063,9138.322266,9951.518555,61112700562,45,NEGATIVE,-1
2020/05/08,9936.162109,9996.743164,9767.172852,9842.666016,51780748042,44,NEGATIVE,-1
2020/05/09,9840.90625,9913.863281,9580.644531,9593.896484,46566121841,24,NEGATIVE,-1
2020/05/10,9591.168945,9595.581055,8395.107422,8756.430664,63325279337,20,NEGATIVE,-1
2020/05/11,8755.535156,9033.470703,8374.323242,8601.795898,57119858802,57,NEGATIVE,1
2020/05/12,8610.385742,8949.898438,8569.643555,8804.477539,42142717533,51,NEGATIVE,1
2020/05/13,8805.387695,9317.878906,8805.387695,9269.987305,45558144023,40,NEGATIVE,1
2020/05/14,9271.329102,9793.268555,9255.035156,9733.72168,56426907637,41,NEGATIVE,-1
2020/05/15,9734.291016,9755.828125,9261.398438,9328.197266,48158802327,41,NEGATIVE,0
2020/05/16,9333.240234,9564.205078,9260.694336,9377.013672,36164766408,12,NEGATIVE,1
2020/05/17,9374.929688,9823.001953,9349.545898,9670.739258,40084250663,18,NEGATIVE,0
2020/05/18,9675.695313,9906.030273,9570.359375,9726.575195,41827139896,32,NEGATIVE,0
2020/05/19,9727.063477,9836.047852,9539.624023,9729.038086,39254288955,39,NEGATIVE,-1
2020/05/20,9725.329102,9804.793945,9447.201172,9522.981445,36546239703,41,NEGATIVE,-1
2020/05/21,9522.740234,9555.242188,8869.930664,9081.761719,39326160532,50,NEGATIVE,1
2020/05/22,9080.334961,9232.936523,9008.638672,9182.577148,29810773699,42,POSITIVE,0
2020/05/23,9185.0625,9302.501953,9118.108398,9209.287109,27727866812,21,NEGATIVE,-1
2020/05/24,9212.283203,9288.404297,8787.250977,8790.368164,32518803300,8,NEGATIVE,1
2020/05/25,8786.107422,8951.005859,8719.667969,8906.93457,31288157264,35,NEGATIVE,-1
2020/05/26,8909.585938,8991.967773,8757.293945,8835.052734,29584186947,42,NEGATIVE,1
2020/05/27,8837.380859,9203.320313,8834.157227,9181.017578,32740536902,54,NEGATIVE,1
2020/05/28,9184.945313,9546.319336,9148.457031,9525.750977,34367073114,40,POSITIVE,-1
2020/05/29,9528.355469,9573.666992,9379.338867,9439.124023,32896642044,34,NEGATIVE,1
2020/05/30,9438.914063,9704.030273,9366.729492,9700.414063,32722975141,13,NEGATIVE,-1
2020/05/31,9700.105469,9700.34375,9432.296875,9461.058594,27773290299,13,NEGATIVE,1
2020/06/01,9463.605469,10199.56543,9450.899414,10167.26856,35198901068,37,NEGATIVE,-1
2020/06/02,10162.97363,10182.34082,9460.571289,9529.803711,39137252109,39,NEGATIVE,1
2020/06/03,9533.760742,9682.859375,9471.84668,9656.717773,25007459262,30,NEGATIVE,1
2020/06/04,9655.854492,9887.610352,9525.24707,9800.636719,25921805072,33,NEGATIVE,-1
2020/06/05,9800.21582,9869.237305,9663.216797,9665.533203,23509628646,30,NEGATIVE,0
2020/06/06,9664.904297,9773.431641,9591.024414,9653.679688,20438419222,17,NEGATIVE,1
2020/06/07,9653.00293,9768.498047,9458.150391,9758.852539,25015250846,15,NEGATIVE,0
2020/06/08,9760.063477,9782.306641,9675.885742,9771.489258,21486346312,31,POSITIVE,0
2020/06/09,9774.360352,9836.369141,9664.719727,9795.700195,23717842783,35,NEGATIVE,0
2020/06/10,9794.119141,9908.896484,9728.291016,9870.094727,25706567601,46,NEGATIVE,-1
2020/06/11,9870.078125,9938.297852,9263.069336,9321.78125,30247143440,46,NEGATIVE,1
2020/06/12,9320.69043,9540.46582,9285.851563,9480.84375,22610564515,42,NEGATIVE,0
2020/06/13,9480.735352,9493.211914,9396.009766,9475.277344,17564322315,16,NEGATIVE,-1
2020/06/14,9477.553711,9482.270508,9347.59375,9386.788086,18991732746,18,NEGATIVE,0
2020/06/15,9386.035156,9504.860352,8990.175781,9450.702148,26699704768,36,NEGATIVE,1
2020/06/16,9454.266602,9579.430664,9400.445313,9538.024414,21565537209,45,NEGATIVE,0
2020/06/17,9533.78418,9540.422852,9327.339844,9480.254883,20177709879,50,NEGATIVE,0
2020/06/18,9481.567383,9482.782227,9328.395508,9411.84082,17770083003,56,NEGATIVE,-1
2020/06/19,9410.293945,9440.875977,9274.295898,9288.018555,19632223107,37,POSITIVE,0
2020/06/20,9290.959961,9394.97168,9247.379883,9332.34082,17130541557,16,NEGATIVE,0
2020/06/21,9330.926758,9401.107422,9300.430664,9303.629883,15324301169,18,POSITIVE,1
2020/06/22,9300.915039,9655.073242,9296.87207,9648.717773,21104009514,41,NEGATIVE,0
2020/06/23,9644.076172,9670.541016,9547.24707,9629.658203,17006433272,34,NEGATIVE,-1
2020/06/24,9632.149414,9680.367188,9278.233398,9313.610352,18961716076,45,NEGATIVE,0
2020/06/25,9314.126953,9340.161133,9095.324219,9264.813477,18616048626,39,NEGATIVE,-1
2020/06/26,9260.995117,9310.516602,9101.738281,9162.917969,18341465837,38,NEGATIVE,-1
2020/06/27,9167.824219,9207.810547,8998.216797,9045.390625,17273093144,17,NEGATIVE,1
2020/06/28,9048.460938,9197.546875,8975.525391,9143.582031,14560870760,13,POSITIVE,0
2020/06/29,9140.029297,9237.573242,9041.875977,9190.854492,16460547078,38,NEGATIVE,0
2020/06/30,9185.581055,9217.835938,9084.837891,9137.993164,15735797744,53,NEGATIVE,1
2020/07/01,9145.985352,9309.754883,9104.735352,9228.325195,15971550355,49,NEGATIVE,-1
2020/07/02,9231.139648,9274.962891,9036.623047,9123.410156,16338916796,44,NEGATIVE,0
2020/07/03,9124.842773,9202.344727,9058.794922,9087.303711,13078970999,32,NEGATIVE,0
2020/07/04,9084.233398,9183.295898,9053.629883,9132.488281,12290528515,11,NEGATIVE,0
2020/07/05,9126.09082,9162.183594,8977.015625,9073.942383,12903406143,17,NEGATIVE,1
2020/07/06,9072.849609,9375.474609,9058.664063,9375.474609,17889263252,44,NEGATIVE,-1
2020/07/07,9349.161133,9360.617188,9201.81543,9252.277344,13839652595,33,NEGATIVE,1
2020/07/08,9253.020508,9450.335938,9249.5,9428.333008,19702359883,41,NEGATIVE,-1
2020/07/09,9427.994141,9431.378906,9234.999023,9277.967773,18000702524,40,NEGATIVE,0
2020/07/10,9273.357422,9287.47168,9118.001953,9278.807617,16860035605,35,NEGATIVE,0
2020/07/11,9277.511719,9293.532227,9199.485352,9240.34668,13249910444,14,POSITIVE,0
2020/07/12,9241.054688,9319.418945,9197.450195,9276.5,14452361907,30,NEGATIVE,0
2020/07/13,9277.205078,9306.405273,9224.292969,9243.614258,17519821266,45,NEGATIVE,0
2020/07/14,9238.703125,9283.841797,9171.661133,9243.213867,18085038362,44,NEGATIVE,0
2020/07/15,9241.897461,9275.325195,9171.933594,9192.836914,15844731575,59,NEGATIVE,0
2020/07/16,9191.980469,9214.3125,9088.947266,9132.227539,15713967523,65,NEGATIVE,0
2020/07/17,9131.8125,9182.253906,9089.202148,9151.392578,13944570749,42,NEGATIVE,0
2020/07/18,9151.183594,9230.983398,9100.824219,9159.040039,12252601475,19,NEGATIVE,0
2020/07/19,9158.005859,9201.398438,9097.632813,9185.817383,12939002784,13,NEGATIVE,0
2020/07/20,9187.220703,9214.270508,9137.509766,9164.231445,13755604146,47,NEGATIVE,1
2020/07/21,9162.514648,9407.262695,9149.389648,9374.887695,18069581956,38,NEGATIVE,1
2020/07/22,9375.080078,9530.518555,9319.65332,9525.363281,16532254884,46,NEGATIVE,0
2020/07/23,9527.141602,9610.24707,9483.003906,9581.072266,18146399002,48,NEGATIVE,0
2020/07/24,9585.514648,9623.336914,9481.454102,9536.892578,16552768325,43,NEGATIVE,1
2020/07/25,9539.485352,9704.556641,9530.211914,9677.113281,16610070933,20,NEGATIVE,1
2020/07/26,9680.234375,10023.80762,9652.847656,9905.166992,20507998997,17,NEGATIVE,1
2020/07/27,9905.217773,11298.22168,9903.969727,10990.87305,35359749590,58,NEGATIVE,-1
2020/07/28,11017.46387,11204.32715,10632.63184,10912.82324,28766551142,57,NEGATIVE,1
2020/07/29,10912.95313,11304.39746,10856.1416,11100.46777,24617249715,47,NEGATIVE,0
2020/07/30,11099.83301,11169.35645,10895.45508,11111.21387,22857247901,36,NEGATIVE,1
2020/07/31,11110.21094,11415.86426,10987.05371,11323.4668,23160469766,47,NEGATIVE,1
2020/08/01,11322.57031,11794.77539,11239.68262,11759.59277,26075670303,15,NEGATIVE,-1
2020/08/02,11758.76465,12034.14453,11018.12988,11053.61426,27410067336,26,NEGATIVE,1
2020/08/03,11043.76856,11453.0791,11012.41504,11246.34863,20271713443,39,NEGATIVE,0
2020/08/04,11246.20313,11385.38184,11094.14551,11205.89258,21250197042,45,NEGATIVE,1
2020/08/05,11203.82324,11786.61719,11158.28516,11747.02246,24411254471,48,NEGATIVE,0
2020/08/06,11749.87109,11902.33594,11598.71387,11779.77344,23400740340,53,NEGATIVE,-1
2020/08/07,11778.89453,11898.03809,11408.59375,11601.47266,23132312867,36,NEGATIVE,1
2020/08/08,11604.55371,11800.06445,11558.43164,11754.0459,17572057837,16,NEGATIVE,0
2020/08/09,11737.3252,11806.05664,11548.78418,11675.73926,17489608833,23,NEGATIVE,1
2020/08/10,11662.25684,12045.14063,11662.25684,11878.11133,26114112569,44,NEGATIVE,-1
2020/08/11,11881.64746,11932.71094,11195.70898,11410.52539,27039782640,51,NEGATIVE,1
2020/08/12,11404.59668,11748.39648,11249.60547,11584.93457,25064548486,41,NEGATIVE,1
2020/08/13,11588.40527,11796.39648,11216.87207,11784.1377,27522199497,56,NEGATIVE,0
2020/08/14,11772.65918,12150.99414,11685.45508,11768.87109,24237958589,35,NEGATIVE,1
2020/08/15,11768.69727,11963.20313,11768.69727,11865.69824,23354924400,16,NEGATIVE,0
2020/08/16,11866.68555,11934.90137,11737.18848,11892.80371,20583375490,12,NEGATIVE,1
2020/08/17,11895.6582,12359.05664,11806.69629,12254.40234,28227687027,34,NEGATIVE,-1
2020/08/18,12251.89551,12335.70703,11954.52539,11991.2334,26043227672,43,NEGATIVE,-1
2020/08/19,11990.88477,12028.92383,11687.33301,11758.2832,24502851117,43,NEGATIVE,1
2020/08/20,11761.5,11900.41113,11710.06348,11878.37207,20175242945,48,NEGATIVE,-1
2020/08/21,11878.02637,11899.25977,11564.97949,11592.48926,23762425999,38,NEGATIVE,1
2020/08/22,11585.47754,11689.40723,11448.80566,11681.8252,20224191306,23,NEGATIVE,0
2020/08/23,11679.69629,11713.42969,11559.9209,11664.84766,18482062658,17,NEGATIVE,1
2020/08/24,11663.68945,11807.63184,11623.25,11774.5957,20681511755,41,NEGATIVE,-1
2020/08/25,11773.58887,11778.29981,11189.85059,11366.13477,26301509932,24,POSITIVE,1
2020/08/26,11366.89453,11530.05273,11296.99316,11488.36328,22466660958,38,NEGATIVE,-1
2020/08/27,11485.6084,11570.78613,11185.94141,11323.39746,23240415076,62,NEGATIVE,1
2020/08/28,11325.2959,11545.61523,11316.42285,11542.5,19807127588,38,NEGATIVE,0
2020/08/29,11541.05469,11585.64063,11466.29297,11506.86523,17485597759,15,NEGATIVE,1
2020/08/30,11508.71387,11715.26465,11492.38184,11711.50586,19760127945,13,NEGATIVE,0
2020/08/31,11713.30664,11768.87695,11598.31836,11680.82031,22285928250,41,NEGATIVE,1
2020/09/01,11679.31641,12067.08106,11601.12891,11970.47852,27311555343,52,NEGATIVE,-1
2020/09/02,11964.82324,11964.82324,11290.79395,11414.03418,28037405299,40,NEGATIVE,-1
2020/09/03,11407.19141,11443.02246,10182.46484,10245.29688,31927261555,50,NEGATIVE,1
2020/09/04,10230.36523,10663.91992,10207.94043,10511.81348,29965130374,36,NEGATIVE,-1
2020/09/05,10512.53027,10581.57129,9946.675781,10169.56738,44916565292,16,NEGATIVE,1
2020/09/06,10167.2168,10353.92773,10056.88574,10280.35156,37071460174,12,NEGATIVE,1
2020/09/07,10280.99805,10399.15332,9916.493164,10369.56348,33703098409,27,NEGATIVE,-1
2020/09/08,10369.30664,10414.77539,9945.110352,10131.5166,33430927462,43,NEGATIVE,1
2020/09/09,10134.15137,10350.54297,10017.25098,10242.34766,24128292755,53,NEGATIVE,1
2020/09/10,10242.33008,10503.91211,10238.13574,10363.13867,54406443211,45,NEGATIVE,0
2020/09/11,10369.02832,10434.92285,10140.83691,10400.91504,45201121775,30,NEGATIVE,0
2020/09/12,10409.86133,10578.83789,10292.38672,10442.1709,36750077324,13,NEGATIVE,-1
2020/09/13,10452.39941,10577.21484,10224.33008,10323.75586,36506852789,16,NEGATIVE,1
2020/09/14,10328.73438,10800.01074,10266.00879,10680.83789,35453581940,35,NEGATIVE,1
2020/09/15,10677.75488,10938.63184,10656.45996,10796.95117,32509451925,41,NEGATIVE,1
2020/09/16,10797.76172,11100.12402,10704.88477,10974.90527,30769986455,36,NEGATIVE,0
2020/09/17,10973.25195,11037.4209,10774.62793,10948.99023,38151810523,41,NEGATIVE,0
2020/09/18,10951.82031,11034.9082,10829.65723,10944.58594,26341903912,30,NEGATIVE,1
2020/09/19,10933.75293,11134.09277,10909.61816,11094.34668,22764204008,19,NEGATIVE,-1
2020/09/20,11095.87012,11095.87012,10814.47754,10938.27148,24699523788,13,NEGATIVE,-1
2020/09/21,10934.92578,10988.30469,10380.26074,10462.25977,28884999244,36,POSITIVE,0
2020/09/22,10459.62402,10568.07715,10382.72656,10538.45996,23621787804,45,NEGATIVE,-1
2020/09/23,10535.49219,10537.82813,10197.86523,10246.18652,23788661867,37,NEGATIVE,1
2020/09/24,10248.78613,10771.05664,10231.49023,10760.06641,47144380902,33,NEGATIVE,0
2020/09/25,10761.10938,10777.69629,10578.91406,10692.7168,39348590957,38,POSITIVE,0
2020/09/26,10695.5752,10772.99902,10667.28125,10750.72363,46852525493,20,NEGATIVE,0
2020/09/27,10746.89258,10803.97656,10622.92188,10775.26953,53745972818,15,NEGATIVE,0
2020/09/28,10776.61328,10945.34766,10703.89356,10709.65234,47762394731,28,NEGATIVE,1
2020/09/29,10709.65039,10860.00098,10649.49512,10844.64063,46582396602,50,NEGATIVE,0
2020/09/30,10843.87109,10847.25684,10669.32129,10784.49121,44171073700,48,NEGATIVE,-1
2020/10/01,10795.25488,10933.62402,10472.35645,10619.45215,40023134100,32,NEGATIVE,0
2020/10/02,10619.82129,10657.83789,10416.68945,10575.97461,48661453918,32,NEGATIVE,0
2020/10/03,10575.10059,10598.94043,10511.12988,10549.3291,44660271563,10,NEGATIVE,1
2020/10/04,10550.44043,10686,10534.3916,10669.58301,71251776995,16,NEGATIVE,1
2020/10/05,10676.5293,10793.50781,10634.60059,10793.33984,47537578009,33,NEGATIVE,-1
2020/10/06,10796.30664,10797.57813,10528.89063,10604.40625,42623695307,22,NEGATIVE,0
2020/10/07,10603.35547,10680.50781,10562.50684,10668.96875,37799458436,154,NEGATIVE,1
2020/10/08,10669.37109,10945.73731,10562.60645,10915.68555,63314794397,133,NEGATIVE,1
2020/10/09,10927.91309,11102.67188,10846.85059,11064.45801,22799117613,54,NEGATIVE,1
2020/10/10,11059.14258,11442.21094,11056.94043,11296.36133,22877978588,64,NEGATIVE,0
2020/10/11,11296.08203,11428.81348,11288.62793,11384.18164,19968627060,31,NEGATIVE,1
2020/10/12,11392.63574,11698.46777,11240.68652,11555.36328,26163972642,45,NEGATIVE,-1
2020/10/13,11548.71973,11548.98438,11321.22461,11425.89941,24241420251,38,NEGATIVE,0
2020/10/14,11429.04785,11539.97754,11307.83106,11429.50684,24103426719,41,NEGATIVE,0
2020/10/15,11426.60254,11569.91406,11303.60352,11495.34961,24487233058,37,NEGATIVE,-1
2020/10/16,11502.82813,11540.06152,11223.0127,11322.12305,25635480772,29,POSITIVE,0
2020/10/17,11322.12305,11386.26172,11285.3457,11358.10156,19130430174,14,NEGATIVE,1
2020/10/18,11355.98242,11483.35938,11347.57813,11483.35938,18283314340,22,NEGATIVE,1
2020/10/19,11495.03809,11799.09277,11408.29004,11742.03711,23860769928,45,NEGATIVE,1
2020/10/20,11745.97461,11999.91797,11681.48047,11916.33496,30915821592,28,NEGATIVE,1
2020/10/21,11913.07715,13184.56641,11900.92871,12823.68945,43414712626,39,NEGATIVE,1
2020/10/22,12801.63574,13161.59375,12717.09375,12965.8916,34729759598,43,NEGATIVE,0
2020/10/23,12971.54883,13015.96191,12752.64746,12931.53906,28974975003,31,NEGATIVE,1
2020/10/24,12931.57422,13145.06641,12885.74707,13108.0625,24542317940,25,NEGATIVE,0
2020/10/25,13108.06348,13329.18359,12910.06152,13031.17383,24406920575,13,NEGATIVE,0
2020/10/26,13031.20117,13225.29785,12822.38281,13075.24805,29461458313,43,NEGATIVE,1
2020/10/27,13075.24219,13759.66895,13060.83789,13654.21875,33749878156,38,NEGATIVE,-1
2020/10/28,13654.21484,13837.69531,12932.25098,13271.28516,35867318895,41,NEGATIVE,1
2020/10/29,13271.29883,13612.04785,12980.05957,13437.88281,56499499598,51,NEGATIVE,1
2020/10/30,13437.87402,13651.5166,13136.19824,13546.52246,30581485201,35,NEGATIVE,1
2020/10/31,13546.53223,14028.21387,13457.53027,13780.99512,30306464719,20,NEGATIVE,0
2020/11/01,13780.99512,13862.0332,13628.37793,13737.10938,24453857900,22,NEGATIVE,-1
2020/11/02,13737.03223,13808.32324,13243.16016,13550.48926,30771455468,53,NEGATIVE,1
2020/11/03,13550.45117,13984.98145,13325.44141,13950.30078,29869951617,31,NEGATIVE,1
2020/11/04,13950.48828,14218.7666,13580.47168,14133.70703,35116364962,33,NEGATIVE,1
2020/11/05,14133.7334,15706.4043,14102.08887,15579.84863,40856321439,41,NEGATIVE,0
2020/11/06,15579.72949,15903.4375,15226.83984,15565.88086,39837841971,49,NEGATIVE,-1
2020/11/07,15565.88086,15737.0957,14423.20313,14833.75391,35024953706,14,NEGATIVE,1
2020/11/08,14833.75391,15637.32031,14744.11035,15479.56738,26632075029,20,POSITIVE,-1
2020/11/09,15479.5957,15785.13672,14865.5293,15332.31543,34149115566,43,POSITIVE,0
2020/11/10,15332.35059,15450.3291,15124.95996,15290.90234,25574938143,33,POSITIVE,1
2020/11/11,15290.90918,15916.26074,15290.00684,15701.33984,29772374934,45,NEGATIVE,1
2020/11/12,15701.29883,16305.00391,15534.77148,16276.34375,34175758344,49,NEGATIVE,0
2020/11/13,16276.44043,16463.17773,15992.15234,16317.80859,31599492172,37,NEGATIVE,-1
2020/11/14,16317.80859,16317.80859,15749.19336,16068.13867,27481710135,17,NEGATIVE,0
2020/11/15,16068.13965,16123.11035,15793.53418,15955.58789,23653867583,25,NEGATIVE,1
2020/11/16,15955.57715,16816.18164,15880.70606,16716.11133,31526766675,26,POSITIVE,1
2020/11/17,16685.69141,17782.91992,16564.54492,17645.40625,39006849170,24,NEGATIVE,1
2020/11/18,17645.19141,18393.94922,17352.90625,17804.00586,49064800278,34,NEGATIVE,0
2020/11/19,17803.86133,18119.54688,17382.55469,17817.08984,36985055355,39,NEGATIVE,1
2020/11/20,17817.08398,18773.22656,17765.79492,18621.31445,36992873940,37,NEGATIVE,0
2020/11/21,18621.31641,18936.62109,18444.35938,18642.23242,39650210707,23,NEGATIVE,-1
2020/11/22,18642.23242,18688.96875,17671.38477,18370.00195,41280434226,18,NEGATIVE,0
2020/11/23,18370.01758,18711.42578,18000.79688,18364.12109,42741112308,31,NEGATIVE,1
2020/11/24,18365.01563,19348.27148,18128.65625,19107.46484,51469565009,35,NEGATIVE,-1
2020/11/25,19104.41016,19390.96484,18581.14648,18732.12109,43710357371,32,NEGATIVE,-1
2020/11/26,18729.83984,18866.28516,16351.03516,17150.62305,61396835737,29,NEGATIVE,0
2020/11/27,17153.91406,17445.02344,16526.42383,17108.40234,38886494645,35,NEGATIVE,1
2020/11/28,17112.93359,17853.93945,16910.65234,17717.41406,32601040734,11,NEGATIVE,1
2020/11/29,17719.63477,18283.62891,17559.11719,18177.48438,31133957704,11,NEGATIVE,1
2020/11/30,18178.32227,19749.26367,18178.32227,19625.83594,47728480399,41,NEGATIVE,-1
2020/12/01,19633.76953,19845.97461,18321.92188,18802.99805,49633658712,51,NEGATIVE,1
2020/12/02,18801.74414,19308.33008,18347.71875,19201.0918,37387697139,42,NEGATIVE,1
2020/12/03,19205.92578,19566.19141,18925.78516,19445.39844,31930317405,38,NEGATIVE,-1
2020/12/04,19446.9668,19511.4043,18697.19336,18699.76563,33872388058,37,NEGATIVE,1
2020/12/05,18698.38477,19160.44922,18590.19336,19154.23047,27242455064,10,POSITIVE,1
2020/12/06,19154.17969,19390.5,18897.89453,19345.12109,25293775714,18,NEGATIVE,0
2020/12/07,19343.12891,19411.82813,18931.14258,19191.63086,26896357742,44,NEGATIVE,-1
2020/12/08,19191.5293,19283.47852,18269.94531,18321.14453,31692288756,47,NEGATIVE,1
2020/12/09,18320.88477,18626.29297,17935.54688,18553.91602,34420373071,51,NEGATIVE,-1
2020/12/10,18553.29883,18553.29883,17957.06445,18264.99219,25547132265,41,NEGATIVE,-1
2020/12/11,18263.92969,18268.45313,17619.5332,18058.9043,27919640985,42,NEGATIVE,1
2020/12/12,18051.32031,18919.55078,18046.04102,18803.65625,21752580802,16,NEGATIVE,1
2020/12/13,18806.76563,19381.53516,18734.33203,19142.38281,25450468637,20,NEGATIVE,0
2020/12/14,19144.49219,19305.09961,19012.70898,19246.64453,22473997681,47,POSITIVE,1
2020/12/15,19246.91992,19525.00781,19079.8418,19417.07617,26741982541,40,NEGATIVE,1
2020/12/16,19418.81836,21458.9082,19298.31641,21310.59766,44409011479,53,NEGATIVE,1
2020/12/17,21308.35156,23642.66016,21234.67578,22805.16211,71378606374,75,NEGATIVE,1
2020/12/18,22806.79688,23238.60156,22399.8125,23137.96094,40387896275,34,NEGATIVE,1
2020/12/19,23132.86523,24085.85547,22826.47266,23869.83203,38487546580,24,NEGATIVE,-1
2020/12/20,23861.76563,24209.66016,23147.71094,23477.29492,37844228422,30,NEGATIVE,-1
2020/12/21,23474.45508,24059.98242,22159.36719,22803.08203,45852713981,44,NEGATIVE,1
2020/12/22,22794.03906,23789.90234,22430.60547,23783.0293,44171632681,47,POSITIVE,-1
2020/12/23,23781.97461,24024.49023,22802.64648,23241.3457,51146161904,44,NEGATIVE,1
2020/12/24,23240.20313,23768.33789,22777.59766,23735.94922,41080759713,32,NEGATIVE,1
2020/12/25,23733.57031,24710.10156,23463.67383,24664.79102,42068395846,18,POSITIVE,1
2020/12/26,24677.01563,26718.07031,24522.68945,26437.03711,48332647295,21,NEGATIVE,0
2020/12/27,26439.37305,28288.83984,25922.76953,26272.29492,66479895605,23,NEGATIVE,1
2020/12/28,26280.82227,27389.11133,26207.64063,27084.80859,49056742893,15,NEGATIVE,1
2020/12/29,27081.81055,27370.7207,25987.29883,27362.4375,45265946774,15,NEGATIVE,1
2020/12/30,27360.08984,28937.74023,27360.08984,28840.95313,51287442704,16,NEGATIVE,0
2020/12/31,28841.57422,29244.87695,28201.99219,29001.7207,46754964848,19,NEGATIVE,1
